entry_time,exit_time,action,entry_price,exit_price,pnl,lots
2025-06-12 10:20:15,2025-06-12 10:20:15.610981,SELL,56536.2,56525.0,236.0,1.0
2025-06-12 10:20:15,2025-06-12 10:20:15.855304,SELL,56536.2,56525.0,236.0,1.0
2025-06-12 10:20:15,2025-06-12 10:20:16.116702,SELL,56536.2,56525.0,236.0,1.0
2025-06-12 10:20:16,2025-06-12 10:20:16.356625,SELL,56536.2,56525.0,236.0,1.0
2025-06-12 10:20:16,2025-06-12 10:20:16.593253,SELL,56536.2,56525.0,236.0,1.0
2025-06-12 10:20:16,2025-06-12 10:20:16.875273,SELL,56536.2,56525.0,236.0,1.0
2025-06-12 10:20:16,2025-06-12 10:20:17.115771,SELL,56536.2,56525.0,236.0,1.0
2025-06-12 10:20:17,2025-06-12 10:20:17.367711,SELL,56536.2,56525.0,236.0,1.0
2025-06-12 10:20:17,2025-06-12 10:20:17.612893,SELL,56536.2,56525.0,236.0,1.0
2025-06-12 10:20:17,2025-06-12 10:20:17.873193,SELL,56536.2,56525.0,236.0,1.0
2025-06-12 10:20:17,2025-06-12 10:20:18.120454,SELL,56536.2,56525.0,236.0,1.0
2025-06-12 10:20:18,2025-06-12 10:20:18.385256,SELL,56536.2,56525.0,236.0,1.0
2025-06-12 10:20:18,2025-06-12 10:20:18.634631,SELL,56536.2,56525.0,236.0,1.0
2025-06-12 10:20:18,2025-06-12 10:20:18.882959,SELL,56536.2,56525.0,236.0,1.0
2025-06-12 10:20:18,2025-06-12 10:20:19.123272,SELL,56536.2,56525.0,236.0,1.0
2025-06-12 10:20:19,2025-06-12 10:20:19.368111,SELL,56536.2,56525.0,236.0,1.0
2025-06-12 10:20:19,2025-06-12 10:20:19.620121,SELL,56536.2,56525.0,236.0,1.0
2025-06-12 10:20:19,2025-06-12 10:20:19.866585,SELL,56536.2,56525.0,236.0,1.0
2025-06-12 10:20:19,2025-06-12 10:20:20.154050,SELL,56536.2,56525.0,236.0,1.0
2025-06-12 10:20:20,2025-06-12 10:20:20.386879,SELL,56536.2,56525.0,236.0,1.0
2025-06-12 10:20:20,2025-06-12 10:20:20.657029,SELL,56536.2,56525.0,236.0,1.0
2025-06-12 10:20:20,2025-06-12 10:20:20.905033,SELL,56536.2,56525.0,236.0,1.0
2025-06-12 10:20:21,2025-06-12 10:20:21.179142,SELL,56536.2,56525.0,236.0,1.0
2025-06-12 10:20:21,2025-06-12 10:20:21.435803,SELL,56536.2,56525.0,236.0,1.0
2025-06-12 10:20:21,2025-06-12 10:20:21.757262,SELL,56536.2,56525.0,236.0,1.0
2025-06-12 10:20:21,2025-06-12 10:20:22.003229,SELL,56536.2,56525.0,236.0,1.0
2025-06-12 10:20:22,2025-06-12 10:20:22.242025,SELL,56536.2,56525.0,236.0,1.0
2025-06-12 10:20:22,2025-06-12 10:20:22.492844,SELL,56536.2,56525.0,236.0,1.0
2025-06-12 10:20:22,2025-06-12 10:20:22.728853,SELL,56536.2,56525.0,236.0,1.0
2025-06-12 10:20:22,2025-06-12 10:20:22.971363,SELL,56536.2,56525.0,236.0,1.0
2025-06-12 10:20:23,2025-06-12 10:20:23.221969,SELL,56536.2,56525.0,236.0,1.0
2025-06-12 10:20:23,2025-06-12 10:20:23.466881,SELL,56536.2,56525.0,236.0,1.0
2025-06-12 10:20:23,2025-06-12 10:20:23.708320,SELL,56536.2,56525.0,236.0,1.0
2025-06-12 10:20:23,2025-06-12 10:20:23.966924,SELL,56536.2,56530.0,86.0,1.0
2025-06-12 10:20:24,2025-06-12 10:20:24.207309,SELL,56536.2,56526.0,206.0,1.0
2025-06-12 10:20:24,2025-06-12 10:20:24.456804,SELL,56536.2,56526.0,206.0,1.0
2025-06-12 10:20:24,2025-06-12 10:20:24.715318,SELL,56536.2,56526.0,206.0,1.0
2025-06-12 10:20:24,2025-06-12 10:20:24.964711,SELL,56536.2,56526.0,206.0,1.0
2025-06-12 10:20:25,2025-06-12 10:20:25.202830,SELL,56536.2,56526.0,206.0,1.0
2025-06-12 10:20:25,2025-06-12 10:20:25.442117,SELL,56536.2,56526.0,206.0,1.0
2025-06-12 10:20:25,2025-06-12 10:20:25.685415,SELL,56536.2,56526.0,206.0,1.0
2025-06-12 10:20:25,2025-06-12 10:20:25.941719,SELL,56536.2,56526.0,206.0,1.0
2025-06-12 10:20:26,2025-06-12 10:20:26.192100,SELL,56536.2,56526.0,206.0,1.0
2025-06-12 10:20:26,2025-06-12 10:20:26.430405,SELL,56536.2,56526.0,206.0,1.0
2025-06-12 10:20:26,2025-06-12 10:20:26.689158,SELL,56536.2,56526.0,206.0,1.0
2025-06-12 10:20:26,2025-06-12 10:20:26.933070,SELL,56536.2,56526.0,206.0,1.0
2025-06-12 10:20:27,2025-06-12 10:20:27.185624,SELL,56536.2,56526.0,206.0,1.0
2025-06-12 10:20:27,2025-06-12 10:20:27.425351,SELL,56536.2,56526.0,206.0,1.0
2025-06-12 10:20:27,2025-06-12 10:20:27.678638,SELL,56536.2,56526.0,206.0,1.0
2025-06-12 10:20:27,2025-06-12 10:20:27.936532,SELL,56536.2,56526.0,206.0,1.0
2025-06-12 10:20:28,2025-06-12 10:20:28.172274,SELL,56536.2,56526.0,206.0,1.0
2025-06-12 10:20:28,2025-06-12 10:20:28.419494,SELL,56536.2,56526.0,206.0,1.0
2025-06-12 10:20:28,2025-06-12 10:20:28.663264,SELL,56536.2,56526.0,206.0,1.0
2025-06-12 10:20:28,2025-06-12 10:20:28.907109,SELL,56536.2,56526.0,206.0,1.0
2025-06-12 10:20:29,2025-06-12 10:20:29.151530,SELL,56536.2,56530.0,86.0,1.0
2025-06-12 10:20:29,2025-06-12 10:20:29.393404,SELL,56536.2,56530.0,86.0,1.0
2025-06-12 10:20:29,2025-06-12 10:20:29.629884,SELL,56536.2,56530.0,86.0,1.0
2025-06-12 10:20:29,2025-06-12 10:20:29.868658,SELL,56536.2,56530.0,86.0,1.0
2025-06-12 10:20:29,2025-06-12 10:20:30.130163,SELL,56536.2,56530.0,86.0,1.0
2025-06-12 10:20:30,2025-06-12 10:20:30.401526,SELL,56536.2,56530.0,86.0,1.0
2025-06-12 10:20:30,2025-06-12 10:20:30.654530,SELL,56536.2,56530.0,86.0,1.0
2025-06-12 10:20:30,2025-06-12 10:20:30.910044,SELL,56536.2,56530.0,86.0,1.0
2025-06-12 10:20:31,2025-06-12 10:20:31.162429,SELL,56536.2,56530.0,86.0,1.0
2025-06-12 10:20:31,2025-06-12 10:20:31.406341,SELL,56536.2,56530.0,86.0,1.0
2025-06-12 10:20:31,2025-06-12 10:20:31.659700,SELL,56536.2,56530.0,86.0,1.0
2025-06-12 10:20:31,2025-06-12 10:20:31.921521,SELL,56536.2,56530.0,86.0,1.0
2025-06-12 10:20:32,2025-06-12 10:20:32.178252,SELL,56536.2,56530.0,86.0,1.0
2025-06-12 10:20:32,2025-06-12 10:20:32.432024,SELL,56536.2,56530.0,86.0,1.0
2025-06-12 10:20:32,2025-06-12 10:20:32.721208,SELL,56536.2,56530.0,86.0,1.0
2025-06-12 10:20:32,2025-06-12 10:20:32.977409,SELL,56536.2,56530.0,86.0,1.0
2025-06-12 10:20:33,2025-06-12 10:20:33.228615,SELL,56536.2,56530.0,86.0,1.0
2025-06-12 10:20:33,2025-06-12 10:20:33.473558,SELL,56536.2,56530.0,86.0,1.0
2025-06-12 10:20:33,2025-06-12 10:20:33.782974,SELL,56536.2,56526.0,206.0,1.0
2025-06-12 10:20:33,2025-06-12 10:20:34.061988,SELL,56536.2,56525.0,236.0,1.0
2025-06-12 10:20:34,2025-06-12 10:20:34.331402,SELL,56536.2,56525.0,236.0,1.0
2025-06-12 10:20:34,2025-06-12 10:20:34.596648,SELL,56536.2,56525.0,236.0,1.0
2025-06-12 10:20:34,2025-06-12 10:20:34.862192,SELL,56536.2,56525.0,236.0,1.0
2025-06-12 10:20:34,2025-06-12 10:20:35.112380,SELL,56536.2,56525.0,236.0,1.0
2025-06-12 10:20:35,2025-06-12 10:20:35.373256,SELL,56536.2,56525.0,236.0,1.0
2025-06-12 10:20:35,2025-06-12 10:20:35.621851,SELL,56536.2,56525.0,236.0,1.0
2025-06-12 10:20:35,2025-06-12 10:20:35.880756,SELL,56536.2,56525.0,236.0,1.0
2025-06-12 10:20:35,2025-06-12 10:20:36.127481,SELL,56536.2,56525.0,236.0,1.0
2025-06-12 10:20:36,2025-06-12 10:20:36.382032,SELL,56536.2,56525.0,236.0,1.0
2025-06-12 10:20:36,2025-06-12 10:20:36.635156,SELL,56536.2,56525.0,236.0,1.0
2025-06-12 10:20:36,2025-06-12 10:20:36.879301,SELL,56536.2,56525.0,236.0,1.0
2025-06-12 10:20:36,2025-06-12 10:20:37.179771,SELL,56536.2,56525.0,236.0,1.0
2025-06-12 10:20:37,2025-06-12 10:20:37.429821,SELL,56536.2,56525.0,236.0,1.0
2025-06-12 10:20:37,2025-06-12 10:20:37.677845,SELL,56536.2,56525.0,236.0,1.0
2025-06-12 10:20:37,2025-06-12 10:20:37.937800,SELL,56536.2,56525.0,236.0,1.0
2025-06-12 10:20:38,2025-06-12 10:20:38.197194,SELL,56536.2,56525.0,236.0,1.0
2025-06-12 10:20:38,2025-06-12 10:20:38.458827,SELL,56536.2,56525.0,236.0,1.0
2025-06-12 10:20:38,2025-06-12 10:20:38.718984,SELL,56536.2,56530.4,74.0,1.0
2025-06-12 10:20:38,2025-06-12 10:20:38.982877,SELL,56536.2,56530.4,74.0,1.0
2025-06-12 10:20:39,2025-06-12 10:20:39.227543,SELL,56536.2,56530.4,74.0,1.0
2025-06-12 10:20:39,2025-06-12 10:20:39.471592,SELL,56536.2,56530.4,74.0,1.0
2025-06-12 10:20:39,2025-06-12 10:20:39.708386,SELL,56536.2,56530.4,74.0,1.0
2025-06-12 10:20:39,2025-06-12 10:20:39.947863,SELL,56536.2,56530.4,74.0,1.0
2025-06-12 10:20:40,2025-06-12 10:20:40.190406,SELL,56536.2,56530.4,74.0,1.0
2025-06-12 10:20:40,2025-06-12 10:20:40.428625,SELL,56536.2,56530.4,74.0,1.0
2025-06-12 10:20:40,2025-06-12 10:20:40.670384,SELL,56536.2,56530.4,74.0,1.0
2025-06-12 10:20:40,2025-06-12 10:20:40.974049,SELL,56536.2,56530.4,74.0,1.0
2025-06-12 10:20:41,2025-06-12 10:20:41.235666,SELL,56536.2,56530.4,74.0,1.0
2025-06-12 10:20:41,2025-06-12 10:20:41.477625,SELL,56536.2,56530.4,74.0,1.0
2025-06-12 10:20:41,2025-06-12 10:20:41.742362,SELL,56536.2,56530.4,74.0,1.0
2025-06-12 10:20:41,2025-06-12 10:20:41.979502,SELL,56536.2,56530.4,74.0,1.0
2025-06-12 10:20:42,2025-06-12 10:20:42.232224,SELL,56536.2,56530.4,74.0,1.0
2025-06-12 10:20:42,2025-06-12 10:20:42.467709,SELL,56536.2,56530.4,74.0,1.0
2025-06-12 10:20:42,2025-06-12 10:20:42.713047,SELL,56536.2,56530.4,74.0,1.0
2025-06-12 10:20:42,2025-06-12 10:20:42.955142,SELL,56536.2,56530.4,74.0,1.0
2025-06-12 10:20:43,2025-06-12 10:20:43.204509,SELL,56536.2,56530.4,74.0,1.0
2025-06-12 10:20:43,2025-06-12 10:20:43.466945,SELL,56536.2,56530.4,74.0,1.0
2025-06-12 10:20:43,2025-06-12 10:20:43.703279,SELL,56536.2,56530.4,74.0,1.0
2025-06-12 10:20:43,2025-06-12 10:20:43.939842,SELL,56536.2,56530.4,74.0,1.0
2025-06-12 10:20:44,2025-06-12 10:20:44.173183,SELL,56536.2,56530.0,86.0,1.0
2025-06-12 10:20:44,2025-06-12 10:20:44.416077,SELL,56536.2,56539.4,-196.0,1.0
2025-06-12 10:20:44,2025-06-12 10:20:44.657386,SELL,56536.2,56539.4,-196.0,1.0
2025-06-12 10:20:44,2025-06-12 10:20:44.916771,SELL,56536.2,56539.4,-196.0,1.0
2025-06-12 10:20:45,2025-06-12 10:20:45.169700,SELL,56536.2,56539.4,-196.0,1.0
2025-06-12 10:20:45,2025-06-12 10:20:45.429268,SELL,56536.2,56539.4,-196.0,1.0
2025-06-12 10:20:45,2025-06-12 10:20:45.666036,SELL,56536.2,56539.4,-196.0,1.0
2025-06-12 10:20:45,2025-06-12 10:20:45.912790,SELL,56536.2,56539.4,-196.0,1.0
2025-06-12 10:20:46,2025-06-12 10:20:46.153880,SELL,56536.2,56539.4,-196.0,1.0
2025-06-12 10:20:46,2025-06-12 10:20:46.403306,SELL,56536.2,56539.4,-196.0,1.0
2025-06-12 10:20:46,2025-06-12 10:20:46.638816,SELL,56536.2,56539.4,-196.0,1.0
2025-06-12 10:20:46,2025-06-12 10:20:46.875065,SELL,56536.2,56539.4,-196.0,1.0
2025-06-12 10:20:46,2025-06-12 10:20:47.111764,SELL,56536.2,56539.4,-196.0,1.0
2025-06-12 10:20:47,2025-06-12 10:20:47.357952,SELL,56536.2,56539.4,-196.0,1.0
2025-06-12 10:20:47,2025-06-12 10:20:47.602989,SELL,56536.2,56539.4,-196.0,1.0
2025-06-12 10:20:47,2025-06-12 10:20:47.856954,SELL,56536.2,56539.4,-196.0,1.0
2025-06-12 10:20:47,2025-06-12 10:20:48.109802,SELL,56536.2,56539.4,-196.0,1.0
2025-06-12 10:20:48,2025-06-12 10:20:48.346971,SELL,56536.2,56539.4,-196.0,1.0
2025-06-12 10:20:48,2025-06-12 10:20:48.591536,SELL,56536.2,56539.4,-196.0,1.0
2025-06-12 10:20:48,2025-06-12 10:20:48.841729,SELL,56536.2,56539.4,-196.0,1.0
2025-06-12 10:20:48,2025-06-12 10:20:49.104216,SELL,56536.2,56539.4,-196.0,1.0
2025-06-12 10:20:49,2025-06-12 10:20:49.338408,SELL,56536.2,56530.4,74.0,1.0
2025-06-12 10:20:49,2025-06-12 10:20:49.608839,SELL,56536.2,56530.4,74.0,1.0
2025-06-12 10:20:49,2025-06-12 10:20:49.893298,SELL,56536.2,56530.4,74.0,1.0
2025-06-12 10:20:50,2025-06-12 10:20:50.145812,SELL,56536.2,56530.4,74.0,1.0
2025-06-12 10:20:50,2025-06-12 10:20:50.381998,SELL,56536.2,56530.4,74.0,1.0
2025-06-12 10:20:50,2025-06-12 10:20:50.673789,SELL,56536.2,56530.4,74.0,1.0
2025-06-12 10:20:50,2025-06-12 10:20:50.936735,SELL,56536.2,56530.4,74.0,1.0
2025-06-12 10:20:51,2025-06-12 10:20:51.177166,SELL,56536.2,56530.4,74.0,1.0
2025-06-12 10:20:51,2025-06-12 10:20:51.428257,SELL,56536.2,56530.4,74.0,1.0
2025-06-12 10:20:51,2025-06-12 10:20:51.689449,SELL,56536.2,56530.4,74.0,1.0
2025-06-12 10:20:51,2025-06-12 10:20:51.931333,SELL,56536.2,56530.4,74.0,1.0
2025-06-12 10:20:52,2025-06-12 10:20:52.190481,SELL,56536.2,56530.4,74.0,1.0
2025-06-12 10:20:52,2025-06-12 10:20:52.438906,SELL,56536.2,56530.4,74.0,1.0
2025-06-12 10:20:52,2025-06-12 10:20:52.690480,SELL,56536.2,56530.4,74.0,1.0
2025-06-12 10:20:52,2025-06-12 10:20:52.939365,SELL,56536.2,56530.4,74.0,1.0
2025-06-12 10:20:53,2025-06-12 10:20:53.215701,SELL,56536.2,56530.4,74.0,1.0
2025-06-12 10:20:53,2025-06-12 10:20:53.467936,SELL,56536.2,56530.4,74.0,1.0
2025-06-12 10:20:53,2025-06-12 10:20:53.729329,SELL,56536.2,56530.4,74.0,1.0
2025-06-12 10:20:53,2025-06-12 10:20:54.000683,SELL,56536.2,56530.4,74.0,1.0
2025-06-12 10:20:54,2025-06-12 10:20:54.291845,SELL,56536.2,56530.4,74.0,1.0
2025-06-12 10:20:54,2025-06-12 10:20:54.551691,SELL,56536.2,56530.4,74.0,1.0
2025-06-12 10:20:54,2025-06-12 10:20:54.804916,SELL,56536.2,56530.4,74.0,1.0
2025-06-12 10:20:54,2025-06-12 10:20:55.054812,SELL,56536.2,56530.4,74.0,1.0
2025-06-12 10:20:55,2025-06-12 10:20:55.307422,SELL,56536.2,56530.4,74.0,1.0
2025-06-12 10:20:55,2025-06-12 10:20:55.549852,SELL,56536.2,56530.4,74.0,1.0
2025-06-12 10:20:55,2025-06-12 10:20:55.794816,SELL,56536.2,56530.4,74.0,1.0
2025-06-12 10:20:55,2025-06-12 10:20:56.025729,SELL,56536.2,56530.4,74.0,1.0
2025-06-12 10:20:56,2025-06-12 10:20:56.269510,SELL,56536.2,56530.4,74.0,1.0
2025-06-12 10:20:56,2025-06-12 10:20:56.505387,SELL,56536.2,56530.4,74.0,1.0
2025-06-12 10:20:56,2025-06-12 10:20:56.746602,SELL,56536.2,56530.4,74.0,1.0
2025-06-12 10:20:56,2025-06-12 10:20:56.991140,SELL,56536.2,56530.4,74.0,1.0
2025-06-12 10:20:57,2025-06-12 10:20:57.255711,SELL,56536.2,56530.4,74.0,1.0
2025-06-12 10:20:57,2025-06-12 10:20:57.495719,SELL,56536.2,56530.4,74.0,1.0
2025-06-12 10:20:57,2025-06-12 10:20:57.741523,SELL,56536.2,56530.4,74.0,1.0
2025-06-12 10:20:57,2025-06-12 10:20:57.988848,SELL,56536.2,56530.4,74.0,1.0
2025-06-12 10:20:58,2025-06-12 10:20:58.237267,SELL,56536.2,56530.4,74.0,1.0
2025-06-12 10:20:58,2025-06-12 10:20:58.480019,SELL,56536.2,56530.4,74.0,1.0
2025-06-12 10:20:58,2025-06-12 10:20:58.731482,SELL,56536.2,56530.4,74.0,1.0
2025-06-12 10:20:58,2025-06-12 10:20:58.990802,SELL,56536.2,56530.4,74.0,1.0
2025-06-12 10:20:59,2025-06-12 10:20:59.232794,SELL,56536.2,56530.4,74.0,1.0
2025-06-12 10:20:59,2025-06-12 10:20:59.487191,SELL,56536.2,56539.0,-184.0,1.0
2025-06-12 10:20:59,2025-06-12 10:20:59.733730,SELL,56536.2,56539.0,-184.0,1.0
2025-06-12 10:20:59,2025-06-12 10:20:59.983620,SELL,56536.2,56539.0,-184.0,1.0
2025-06-12 10:21:00,2025-06-12 10:21:00.300678,SELL,56536.2,56539.0,-184.0,1.0
2025-06-12 10:21:00,2025-06-12 10:21:00.547268,SELL,56536.2,56539.0,-184.0,1.0
2025-06-12 10:21:00,2025-06-12 10:21:00.785040,SELL,56536.2,56539.0,-184.0,1.0
2025-06-12 10:21:00,2025-06-12 10:21:01.034154,SELL,56536.2,56539.0,-184.0,1.0
2025-06-12 10:21:01,2025-06-12 10:21:01.274234,SELL,56536.2,56539.0,-184.0,1.0
2025-06-12 10:21:01,2025-06-12 10:21:01.535107,SELL,56536.2,56539.0,-184.0,1.0
2025-06-12 10:21:01,2025-06-12 10:21:01.768955,SELL,56536.2,56539.0,-184.0,1.0
2025-06-12 10:21:01,2025-06-12 10:21:02.008644,SELL,56536.2,56539.0,-184.0,1.0
2025-06-12 10:21:02,2025-06-12 10:21:02.249868,SELL,56536.2,56539.0,-184.0,1.0
2025-06-12 10:21:02,2025-06-12 10:21:02.500541,SELL,56536.2,56539.0,-184.0,1.0
2025-06-12 10:21:02,2025-06-12 10:21:02.750757,SELL,56536.2,56539.0,-184.0,1.0
2025-06-12 10:21:02,2025-06-12 10:21:03.014036,SELL,56536.2,56539.0,-184.0,1.0
2025-06-12 10:21:03,2025-06-12 10:21:03.270373,SELL,56536.2,56539.0,-184.0,1.0
2025-06-12 10:21:03,2025-06-12 10:21:03.525690,SELL,56536.2,56539.0,-184.0,1.0
2025-06-12 10:21:03,2025-06-12 10:21:03.771783,SELL,56536.2,56539.0,-184.0,1.0
2025-06-12 10:21:03,2025-06-12 10:21:04.031583,SELL,56536.2,56530.4,74.0,1.0
2025-06-12 10:21:04,2025-06-12 10:21:04.287571,SELL,56536.2,56530.4,74.0,1.0
2025-06-12 10:21:04,2025-06-12 10:21:04.541999,SELL,56536.2,56530.4,74.0,1.0
2025-06-12 10:21:04,2025-06-12 10:21:04.782442,SELL,56536.2,56530.4,74.0,1.0
2025-06-12 10:21:04,2025-06-12 10:21:05.040206,SELL,56536.2,56530.4,74.0,1.0
2025-06-12 10:21:05,2025-06-12 10:21:05.308432,SELL,56536.2,56530.4,74.0,1.0
2025-06-12 10:21:05,2025-06-12 10:21:05.553878,SELL,56536.2,56530.4,74.0,1.0
2025-06-12 10:21:05,2025-06-12 10:21:05.811672,SELL,56536.2,56530.4,74.0,1.0
2025-06-12 10:21:05,2025-06-12 10:21:06.107568,SELL,56536.2,56530.4,74.0,1.0
2025-06-12 10:21:06,2025-06-12 10:21:06.357627,SELL,56536.2,56530.4,74.0,1.0
2025-06-12 10:21:06,2025-06-12 10:21:06.607841,SELL,56536.2,56530.4,74.0,1.0
2025-06-12 10:21:06,2025-06-12 10:21:06.859772,SELL,56536.2,56530.4,74.0,1.0
2025-06-12 10:21:06,2025-06-12 10:21:07.110448,SELL,56536.2,56530.4,74.0,1.0
2025-06-12 10:21:07,2025-06-12 10:21:07.358950,SELL,56536.2,56530.4,74.0,1.0
2025-06-12 10:21:07,2025-06-12 10:21:07.610220,SELL,56536.2,56530.4,74.0,1.0
2025-06-12 10:21:07,2025-06-12 10:21:07.873518,SELL,56536.2,56530.4,74.0,1.0
2025-06-12 10:21:07,2025-06-12 10:21:08.120139,SELL,56536.2,56530.4,74.0,1.0
2025-06-12 10:21:08,2025-06-12 10:21:08.367968,SELL,56536.2,56530.4,74.0,1.0
2025-06-12 10:21:08,2025-06-12 10:21:08.627064,SELL,56536.2,56530.4,74.0,1.0
2025-06-12 10:21:08,2025-06-12 10:21:08.873286,SELL,56536.2,56530.4,74.0,1.0
2025-06-12 10:21:08,2025-06-12 10:21:09.119063,SELL,56536.2,56530.4,74.0,1.0
2025-06-12 10:21:09,2025-06-12 10:21:09.369309,SELL,56536.2,56531.4,44.0,1.0
2025-06-12 10:21:09,2025-06-12 10:21:09.633726,SELL,56536.2,56531.4,44.0,1.0
2025-06-12 10:21:09,2025-06-12 10:21:09.886447,SELL,56536.2,56531.4,44.0,1.0
2025-06-12 10:21:09,2025-06-12 10:21:10.143639,SELL,56536.2,56531.4,44.0,1.0
2025-06-12 10:21:10,2025-06-12 10:21:10.398746,SELL,56536.2,56531.4,44.0,1.0
2025-06-12 10:21:10,2025-06-12 10:21:10.717730,SELL,56536.2,56531.4,44.0,1.0
2025-06-12 10:21:10,2025-06-12 10:21:10.985826,SELL,56536.2,56531.4,44.0,1.0
2025-06-12 10:21:11,2025-06-12 10:21:11.260769,SELL,56536.2,56531.4,44.0,1.0
2025-06-12 10:21:11,2025-06-12 10:21:11.507148,SELL,56536.2,56531.4,44.0,1.0
2025-06-12 10:21:11,2025-06-12 10:21:11.752734,SELL,56536.2,56531.4,44.0,1.0
2025-06-12 10:21:11,2025-06-12 10:21:12.016007,SELL,56536.2,56531.4,44.0,1.0
2025-06-12 10:21:12,2025-06-12 10:21:12.255200,SELL,56536.2,56531.4,44.0,1.0
2025-06-12 10:21:12,2025-06-12 10:21:12.510590,SELL,56536.2,56531.4,44.0,1.0
2025-06-12 10:21:12,2025-06-12 10:21:12.754874,SELL,56536.2,56531.4,44.0,1.0
2025-06-12 10:21:12,2025-06-12 10:21:12.992783,SELL,56536.2,56531.4,44.0,1.0
2025-06-12 10:21:13,2025-06-12 10:21:13.259990,SELL,56536.2,56531.4,44.0,1.0
2025-06-12 10:21:13,2025-06-12 10:21:13.518232,SELL,56536.2,56531.4,44.0,1.0
2025-06-12 10:21:13,2025-06-12 10:21:13.817856,SELL,56536.2,56531.4,44.0,1.0
2025-06-12 10:21:13,2025-06-12 10:21:14.075764,SELL,56536.2,56531.4,44.0,1.0
2025-06-12 10:21:14,2025-06-12 10:21:14.322590,SELL,56536.2,56525.0,236.0,1.0
2025-06-12 10:21:14,2025-06-12 10:21:14.647631,SELL,56536.2,56525.0,236.0,1.0
2025-06-12 10:21:14,2025-06-12 10:21:14.905492,SELL,56536.2,56525.0,236.0,1.0
2025-06-12 10:21:15,2025-06-12 10:21:15.155939,SELL,56536.2,56525.0,236.0,1.0
2025-06-12 10:21:15,2025-06-12 10:21:15.410620,SELL,56536.2,56525.0,236.0,1.0
2025-06-12 10:21:15,2025-06-12 10:21:15.663468,SELL,56536.2,56525.0,236.0,1.0
2025-06-12 10:21:15,2025-06-12 10:21:15.915820,SELL,56536.2,56525.0,236.0,1.0
2025-06-12 10:21:16,2025-06-12 10:21:16.171547,SELL,56536.2,56525.0,236.0,1.0
2025-06-12 10:21:16,2025-06-12 10:21:16.416918,SELL,56536.2,56525.0,236.0,1.0
2025-06-12 10:21:16,2025-06-12 10:21:16.666147,SELL,56536.2,56525.0,236.0,1.0
2025-06-12 10:21:16,2025-06-12 10:21:16.930565,SELL,56536.2,56525.0,236.0,1.0
2025-06-12 10:21:17,2025-06-12 10:21:17.174570,SELL,56536.2,56525.0,236.0,1.0
2025-06-12 10:21:17,2025-06-12 10:21:17.405043,SELL,56536.2,56525.0,236.0,1.0
2025-06-12 10:21:17,2025-06-12 10:21:17.663481,SELL,56536.2,56525.0,236.0,1.0
2025-06-12 10:21:17,2025-06-12 10:21:17.915162,SELL,56536.2,56525.0,236.0,1.0
2025-06-12 10:21:18,2025-06-12 10:21:18.155596,SELL,56536.2,56525.0,236.0,1.0
2025-06-12 10:21:18,2025-06-12 10:21:18.410846,SELL,56536.2,56525.0,236.0,1.0
2025-06-12 10:21:18,2025-06-12 10:21:18.642378,SELL,56536.2,56525.0,236.0,1.0
2025-06-12 10:21:18,2025-06-12 10:21:18.872772,SELL,56536.2,56525.0,236.0,1.0
2025-06-12 10:21:18,2025-06-12 10:21:19.118583,SELL,56536.2,56525.0,236.0,1.0
2025-06-12 10:21:19,2025-06-12 10:21:19.367082,SELL,56536.2,56525.0,236.0,1.0
2025-06-12 10:21:19,2025-06-12 10:21:19.602990,SELL,56536.2,56525.0,236.0,1.0
2025-06-12 10:21:19,2025-06-12 10:21:19.846229,SELL,56536.2,56525.0,236.0,1.0
2025-06-12 10:21:19,2025-06-12 10:21:20.115936,SELL,56536.2,56525.0,236.0,1.0
2025-06-12 10:21:20,2025-06-12 10:21:20.351514,SELL,56536.2,56525.0,236.0,1.0
2025-06-12 10:21:20,2025-06-12 10:21:20.622335,SELL,56536.2,56525.0,236.0,1.0
2025-06-12 10:21:20,2025-06-12 10:21:20.847500,SELL,56536.2,56525.0,236.0,1.0
2025-06-12 10:21:20,2025-06-12 10:21:21.081706,SELL,56536.2,56525.0,236.0,1.0
2025-06-12 10:21:21,2025-06-12 10:21:21.326492,SELL,56536.2,56525.0,236.0,1.0
2025-06-12 10:21:21,2025-06-12 10:21:21.586612,SELL,56536.2,56525.0,236.0,1.0
2025-06-12 10:21:21,2025-06-12 10:21:21.820627,SELL,56536.2,56525.0,236.0,1.0
2025-06-12 10:21:21,2025-06-12 10:21:22.077717,SELL,56536.2,56525.0,236.0,1.0
2025-06-12 10:21:22,2025-06-12 10:21:22.317100,SELL,56536.2,56525.0,236.0,1.0
2025-06-12 10:21:22,2025-06-12 10:21:22.551392,SELL,56536.2,56525.0,236.0,1.0
2025-06-12 10:21:22,2025-06-12 10:21:22.789746,SELL,56536.2,56525.0,236.0,1.0
2025-06-12 10:21:22,2025-06-12 10:21:23.019200,SELL,56536.2,56525.0,236.0,1.0
2025-06-12 10:21:23,2025-06-12 10:21:23.254638,SELL,56536.2,56525.0,236.0,1.0
2025-06-12 10:21:23,2025-06-12 10:21:23.503677,SELL,56536.2,56525.0,236.0,1.0
2025-06-12 10:21:23,2025-06-12 10:21:23.744759,SELL,56536.2,56525.0,236.0,1.0
2025-06-12 10:21:23,2025-06-12 10:21:23.977186,SELL,56536.2,56525.0,236.0,1.0
2025-06-12 10:21:24,2025-06-12 10:21:24.214263,SELL,56536.2,56525.0,236.0,1.0
2025-06-12 10:21:24,2025-06-12 10:21:24.448680,SELL,56536.2,56530.4,74.0,1.0
2025-06-12 10:21:24,2025-06-12 10:21:24.694537,SELL,56536.2,56530.4,74.0,1.0
2025-06-12 10:21:24,2025-06-12 10:21:24.921734,SELL,56536.2,56530.4,74.0,1.0
2025-06-12 10:21:25,2025-06-12 10:21:25.153145,SELL,56536.2,56530.4,74.0,1.0
2025-06-12 10:21:25,2025-06-12 10:21:25.383113,SELL,56536.2,56530.4,74.0,1.0
2025-06-12 10:21:25,2025-06-12 10:21:25.619450,SELL,56536.2,56530.4,74.0,1.0
2025-06-12 10:21:25,2025-06-12 10:21:25.859306,SELL,56536.2,56530.4,74.0,1.0
2025-06-12 10:21:25,2025-06-12 10:21:26.102055,SELL,56536.2,56530.4,74.0,1.0
2025-06-12 10:21:26,2025-06-12 10:21:26.334055,SELL,56536.2,56530.4,74.0,1.0
2025-06-12 10:21:26,2025-06-12 10:21:26.595971,SELL,56536.2,56530.4,74.0,1.0
2025-06-12 10:21:26,2025-06-12 10:21:26.834197,SELL,56536.2,56530.4,74.0,1.0
2025-06-12 10:21:26,2025-06-12 10:21:27.074565,SELL,56536.2,56530.4,74.0,1.0
2025-06-12 10:21:27,2025-06-12 10:21:27.310481,SELL,56536.2,56530.4,74.0,1.0
2025-06-12 10:21:27,2025-06-12 10:21:27.537934,SELL,56536.2,56530.4,74.0,1.0
2025-06-12 10:21:27,2025-06-12 10:21:27.791460,SELL,56536.2,56530.4,74.0,1.0
2025-06-12 10:21:27,2025-06-12 10:21:28.045857,SELL,56536.2,56530.4,74.0,1.0
2025-06-12 10:21:28,2025-06-12 10:21:28.305703,SELL,56536.2,56530.4,74.0,1.0
2025-06-12 10:21:28,2025-06-12 10:21:28.559995,SELL,56536.2,56530.4,74.0,1.0
2025-06-12 10:21:28,2025-06-12 10:21:28.815834,SELL,56536.2,56530.4,74.0,1.0
2025-06-12 10:21:28,2025-06-12 10:21:29.051534,SELL,56536.2,56530.4,74.0,1.0
2025-06-12 10:21:29,2025-06-12 10:21:29.330413,SELL,56536.2,56530.4,74.0,1.0
2025-06-12 10:21:29,2025-06-12 10:21:29.587016,SELL,56536.2,56530.4,74.0,1.0
2025-06-12 10:21:29,2025-06-12 10:21:29.835461,SELL,56536.2,56530.4,74.0,1.0
2025-06-12 10:21:29,2025-06-12 10:21:30.124085,SELL,56536.2,56530.4,74.0,1.0
2025-06-12 10:21:30,2025-06-12 10:21:30.365806,SELL,56536.2,56530.4,74.0,1.0
2025-06-12 10:21:30,2025-06-12 10:21:30.596904,SELL,56536.2,56530.4,74.0,1.0
2025-06-12 10:21:30,2025-06-12 10:21:30.843738,SELL,56536.2,56530.4,74.0,1.0
2025-06-12 10:21:30,2025-06-12 10:21:31.087350,SELL,56536.2,56530.4,74.0,1.0
2025-06-12 10:21:31,2025-06-12 10:21:31.350743,SELL,56536.2,56530.4,74.0,1.0
2025-06-12 10:21:31,2025-06-12 10:21:31.667906,SELL,56536.2,56530.4,74.0,1.0
2025-06-12 10:21:31,2025-06-12 10:21:31.908574,SELL,56536.2,56530.4,74.0,1.0
2025-06-12 10:21:32,2025-06-12 10:21:32.150323,SELL,56536.2,56530.4,74.0,1.0
2025-06-12 10:21:32,2025-06-12 10:21:32.424383,SELL,56536.2,56530.4,74.0,1.0
2025-06-12 10:21:32,2025-06-12 10:21:32.675447,SELL,56536.2,56530.4,74.0,1.0
2025-06-12 10:21:32,2025-06-12 10:21:32.937138,SELL,56536.2,56530.4,74.0,1.0
2025-06-12 10:21:33,2025-06-12 10:21:33.194696,SELL,56536.2,56530.4,74.0,1.0
2025-06-12 10:21:33,2025-06-12 10:21:33.513124,SELL,56536.2,56530.4,74.0,1.0
2025-06-12 10:21:33,2025-06-12 10:21:33.760708,SELL,56536.2,56530.4,74.0,1.0
2025-06-12 10:21:33,2025-06-12 10:21:34.041150,SELL,56536.2,56530.4,74.0,1.0
2025-06-12 10:21:34,2025-06-12 10:21:34.339938,SELL,56536.2,56530.4,74.0,1.0
2025-06-12 10:21:34,2025-06-12 10:21:34.594354,SELL,56536.2,56530.4,74.0,1.0
2025-06-12 10:21:34,2025-06-12 10:21:34.835972,SELL,56536.2,56530.4,74.0,1.0
2025-06-12 10:21:34,2025-06-12 10:21:35.091413,SELL,56536.2,56530.4,74.0,1.0
2025-06-12 10:21:35,2025-06-12 10:21:35.326594,SELL,56536.2,56530.4,74.0,1.0
2025-06-12 10:21:35,2025-06-12 10:21:35.563786,SELL,56536.2,56530.4,74.0,1.0
2025-06-12 10:21:35,2025-06-12 10:21:35.810631,SELL,56536.2,56530.4,74.0,1.0
2025-06-12 10:21:35,2025-06-12 10:21:36.100143,SELL,56536.2,56530.4,74.0,1.0
2025-06-12 10:21:36,2025-06-12 10:21:36.377341,SELL,56536.2,56530.4,74.0,1.0
2025-06-12 10:21:36,2025-06-12 10:21:36.614783,SELL,56536.2,56530.4,74.0,1.0
2025-06-12 10:21:36,2025-06-12 10:21:36.845191,SELL,56536.2,56530.4,74.0,1.0
2025-06-12 10:21:36,2025-06-12 10:21:37.105228,SELL,56536.2,56530.4,74.0,1.0
2025-06-12 10:21:37,2025-06-12 10:21:37.348476,SELL,56536.2,56530.4,74.0,1.0
2025-06-12 10:21:37,2025-06-12 10:21:37.594287,SELL,56536.2,56530.4,74.0,1.0
2025-06-12 10:21:37,2025-06-12 10:21:37.839178,SELL,56536.2,56530.4,74.0,1.0
2025-06-12 10:21:37,2025-06-12 10:21:38.097199,SELL,56536.2,56530.4,74.0,1.0
2025-06-12 10:21:38,2025-06-12 10:21:38.336663,SELL,56536.2,56530.4,74.0,1.0
2025-06-12 10:21:38,2025-06-12 10:21:38.611022,SELL,56536.2,56530.4,74.0,1.0
2025-06-12 10:21:38,2025-06-12 10:21:38.857918,SELL,56536.2,56531.2,50.0,1.0
2025-06-12 10:21:38,2025-06-12 10:21:39.111587,SELL,56536.2,56531.2,50.0,1.0
2025-06-12 10:21:39,2025-06-12 10:21:39.347944,SELL,56536.2,56538.0,-154.0,1.0
2025-06-12 10:21:39,2025-06-12 10:21:39.594615,SELL,56536.2,56538.0,-154.0,1.0
2025-06-12 10:21:39,2025-06-12 10:21:39.829030,SELL,56536.2,56538.0,-154.0,1.0
2025-06-12 10:21:39,2025-06-12 10:21:40.073540,SELL,56536.2,56538.0,-154.0,1.0
2025-06-12 10:21:40,2025-06-12 10:21:40.319004,SELL,56536.2,56538.0,-154.0,1.0
2025-06-12 10:21:40,2025-06-12 10:21:40.576801,SELL,56536.2,56538.0,-154.0,1.0
2025-06-12 10:21:40,2025-06-12 10:21:40.817990,SELL,56536.2,56538.0,-154.0,1.0
2025-06-12 10:21:40,2025-06-12 10:21:41.066354,SELL,56536.2,56538.0,-154.0,1.0
2025-06-12 10:21:41,2025-06-12 10:21:41.311924,SELL,56536.2,56538.0,-154.0,1.0
2025-06-12 10:21:41,2025-06-12 10:21:41.552511,SELL,56536.2,56538.0,-154.0,1.0
2025-06-12 10:21:41,2025-06-12 10:21:41.815955,SELL,56536.2,56538.0,-154.0,1.0
2025-06-12 10:21:41,2025-06-12 10:21:42.079739,SELL,56536.2,56538.0,-154.0,1.0
2025-06-12 10:21:42,2025-06-12 10:21:42.318530,SELL,56536.2,56538.0,-154.0,1.0
2025-06-12 10:21:42,2025-06-12 10:21:42.575707,SELL,56536.2,56538.0,-154.0,1.0
2025-06-12 10:21:42,2025-06-12 10:21:42.817663,SELL,56536.2,56538.0,-154.0,1.0
2025-06-12 10:21:42,2025-06-12 10:21:43.082806,SELL,56536.2,56538.0,-154.0,1.0
2025-06-12 10:21:43,2025-06-12 10:21:43.342668,SELL,56536.2,56538.0,-154.0,1.0
2025-06-12 10:21:43,2025-06-12 10:21:43.607161,SELL,56536.2,56538.0,-154.0,1.0
2025-06-12 10:21:43,2025-06-12 10:21:43.933879,SELL,56536.2,56538.0,-154.0,1.0
2025-06-12 10:21:44,2025-06-12 10:21:44.176490,SELL,56536.2,56534.8,-58.0,1.0
2025-06-12 10:21:44,2025-06-12 10:21:44.412785,SELL,56536.2,56534.8,-58.0,1.0
2025-06-12 10:21:44,2025-06-12 10:21:44.688409,SELL,56536.2,56534.8,-58.0,1.0
2025-06-12 10:21:44,2025-06-12 10:21:44.952890,SELL,56536.2,56534.8,-58.0,1.0
2025-06-12 10:21:45,2025-06-12 10:21:45.226153,SELL,56536.2,56534.8,-58.0,1.0
2025-06-12 10:21:45,2025-06-12 10:21:45.463792,SELL,56536.2,56534.8,-58.0,1.0
2025-06-12 10:21:45,2025-06-12 10:21:45.716674,SELL,56536.2,56534.8,-58.0,1.0
2025-06-12 10:21:45,2025-06-12 10:21:45.963173,SELL,56536.2,56534.8,-58.0,1.0
2025-06-12 10:21:46,2025-06-12 10:21:46.200846,SELL,56536.2,56534.8,-58.0,1.0
2025-06-12 10:21:46,2025-06-12 10:21:46.442007,SELL,56536.2,56534.8,-58.0,1.0
2025-06-12 10:21:46,2025-06-12 10:21:46.695313,SELL,56536.2,56534.8,-58.0,1.0
2025-06-12 10:21:46,2025-06-12 10:21:46.943990,SELL,56536.2,56534.8,-58.0,1.0
2025-06-12 10:21:47,2025-06-12 10:21:47.185812,SELL,56536.2,56534.8,-58.0,1.0
2025-06-12 10:21:47,2025-06-12 10:21:47.429059,SELL,56536.2,56534.8,-58.0,1.0
2025-06-12 10:21:47,2025-06-12 10:21:47.673334,SELL,56536.2,56534.8,-58.0,1.0
2025-06-12 10:21:47,2025-06-12 10:21:47.932965,SELL,56536.2,56534.8,-58.0,1.0
2025-06-12 10:21:48,2025-06-12 10:21:48.223800,SELL,56536.2,56535.6,-82.0,1.0
2025-06-12 10:21:48,2025-06-12 10:21:48.471354,SELL,56536.2,56521.0,356.0,1.0
2025-06-12 10:21:48,2025-06-12 10:21:48.718743,SELL,56536.2,56521.0,356.0,1.0
2025-06-12 10:21:48,2025-06-12 10:21:48.973812,SELL,56536.2,56521.0,356.0,1.0
2025-06-12 10:21:49,2025-06-12 10:21:49.258612,SELL,56536.2,56521.0,356.0,1.0
2025-06-12 10:21:49,2025-06-12 10:21:49.506860,SELL,56536.2,56518.0,446.0,1.0
2025-06-12 10:21:49,2025-06-12 10:21:49.779391,SELL,56536.2,56518.0,446.0,1.0
2025-06-12 10:21:49,2025-06-12 10:21:50.039449,SELL,56536.2,56518.0,446.0,1.0
2025-06-12 10:21:50,2025-06-12 10:21:50.284340,SELL,56536.2,56518.0,446.0,1.0
2025-06-12 10:21:50,2025-06-12 10:21:50.531477,SELL,56536.2,56518.0,446.0,1.0
2025-06-12 10:21:50,2025-06-12 10:21:50.796063,SELL,56536.2,56518.0,446.0,1.0
2025-06-12 10:21:50,2025-06-12 10:21:51.064353,SELL,56536.2,56518.0,446.0,1.0
2025-06-12 10:21:51,2025-06-12 10:21:51.309777,SELL,56536.2,56518.0,446.0,1.0
2025-06-12 10:21:51,2025-06-12 10:21:51.548838,SELL,56536.2,56518.0,446.0,1.0
2025-06-12 10:21:51,2025-06-12 10:21:51.828135,SELL,56536.2,56518.0,446.0,1.0
2025-06-12 10:21:51,2025-06-12 10:21:52.071728,SELL,56536.2,56518.0,446.0,1.0
2025-06-12 10:21:52,2025-06-12 10:21:52.304633,SELL,56536.2,56518.0,446.0,1.0
2025-06-12 10:21:52,2025-06-12 10:21:52.537419,SELL,56536.2,56518.0,446.0,1.0
2025-06-12 10:21:52,2025-06-12 10:21:52.788181,SELL,56536.2,56518.0,446.0,1.0
2025-06-12 10:21:52,2025-06-12 10:21:53.033018,SELL,56536.2,56518.0,446.0,1.0
2025-06-12 10:21:53,2025-06-12 10:21:53.275290,SELL,56536.2,56518.0,446.0,1.0
2025-06-12 10:21:53,2025-06-12 10:21:53.512292,SELL,56536.2,56518.0,446.0,1.0
2025-06-12 10:21:53,2025-06-12 10:21:53.766116,SELL,56536.2,56518.0,446.0,1.0
2025-06-12 10:21:53,2025-06-12 10:21:54.027783,SELL,56536.2,56520.0,386.0,1.0
2025-06-12 10:21:54,2025-06-12 10:21:54.283161,SELL,56536.2,56512.6,608.0,1.0
2025-06-12 10:21:54,2025-06-12 10:21:54.525347,SELL,56536.2,56512.6,608.0,1.0
2025-06-12 10:21:54,2025-06-12 10:21:54.763303,SELL,56536.2,56512.6,608.0,1.0
2025-06-12 10:21:54,2025-06-12 10:21:55.017094,SELL,56536.2,56512.6,608.0,1.0
2025-06-12 10:21:55,2025-06-12 10:21:55.321854,SELL,56536.2,56512.6,608.0,1.0
2025-06-12 10:21:55,2025-06-12 10:21:55.587654,SELL,56536.2,56512.6,608.0,1.0
2025-06-12 10:21:55,2025-06-12 10:21:55.826745,SELL,56536.2,56512.6,608.0,1.0
2025-06-12 10:21:55,2025-06-12 10:21:56.070424,SELL,56536.2,56512.6,608.0,1.0
2025-06-12 10:21:56,2025-06-12 10:21:56.321787,SELL,56536.2,56512.6,608.0,1.0
2025-06-12 10:21:56,2025-06-12 10:21:56.559230,SELL,56536.2,56512.6,608.0,1.0
2025-06-12 10:21:56,2025-06-12 10:21:56.795985,SELL,56536.2,56512.6,608.0,1.0
2025-06-12 10:21:56,2025-06-12 10:21:57.025990,SELL,56536.2,56512.6,608.0,1.0
2025-06-12 10:21:57,2025-06-12 10:21:57.266156,SELL,56536.2,56512.6,608.0,1.0
2025-06-12 10:21:57,2025-06-12 10:21:57.504175,SELL,56536.2,56512.6,608.0,1.0
2025-06-12 10:21:57,2025-06-12 10:21:57.744732,SELL,56536.2,56512.6,608.0,1.0
2025-06-12 10:21:57,2025-06-12 10:21:57.973279,SELL,56536.2,56512.6,608.0,1.0
2025-06-12 10:21:58,2025-06-12 10:21:58.209303,SELL,56536.2,56512.6,608.0,1.0
2025-06-12 10:21:58,2025-06-12 10:21:58.444214,SELL,56536.2,56512.6,608.0,1.0
2025-06-12 10:21:58,2025-06-12 10:21:58.672264,SELL,56536.2,56510.0,686.0,1.0
2025-06-12 10:21:58,2025-06-12 10:21:58.917925,SELL,56536.2,56510.0,686.0,1.0
2025-06-12 10:21:59,2025-06-12 10:21:59.148215,SELL,56536.2,56510.0,686.0,1.0
2025-06-12 10:21:59,2025-06-12 10:21:59.393426,SELL,56536.2,56510.0,686.0,1.0
2025-06-12 10:21:59,2025-06-12 10:21:59.646786,SELL,56536.2,56510.0,686.0,1.0
2025-06-12 10:21:59,2025-06-12 10:21:59.932247,SELL,56536.2,56510.0,686.0,1.0
2025-06-12 10:22:00,2025-06-12 10:22:00.244768,SELL,56536.2,56510.0,686.0,1.0
2025-06-12 10:22:00,2025-06-12 10:22:00.511399,SELL,56536.2,56510.0,686.0,1.0
2025-06-12 10:22:00,2025-06-12 10:22:00.802126,SELL,56536.2,56510.0,686.0,1.0
2025-06-12 10:22:00,2025-06-12 10:22:01.040285,SELL,56536.2,56510.0,686.0,1.0
2025-06-12 10:22:01,2025-06-12 10:22:01.298213,SELL,56536.2,56510.0,686.0,1.0
2025-06-12 10:22:01,2025-06-12 10:22:01.557301,SELL,56536.2,56510.0,686.0,1.0
2025-06-12 10:22:01,2025-06-12 10:22:01.821091,SELL,56536.2,56510.0,686.0,1.0
2025-06-12 10:22:01,2025-06-12 10:22:02.101455,SELL,56536.2,56510.0,686.0,1.0
2025-06-12 10:22:02,2025-06-12 10:22:02.350859,SELL,56536.2,56510.0,686.0,1.0
2025-06-12 10:22:02,2025-06-12 10:22:02.587929,SELL,56536.2,56510.0,686.0,1.0
2025-06-12 10:22:02,2025-06-12 10:22:02.844507,SELL,56536.2,56510.0,686.0,1.0
2025-06-12 10:22:02,2025-06-12 10:22:03.100899,SELL,56536.2,56510.0,686.0,1.0
2025-06-12 10:22:03,2025-06-12 10:22:03.350938,SELL,56536.2,56510.0,686.0,1.0
2025-06-12 10:22:03,2025-06-12 10:22:03.628495,SELL,56536.2,56511.8,632.0,1.0
2025-06-12 10:22:03,2025-06-12 10:22:03.917863,SELL,56536.2,56511.8,632.0,1.0
2025-06-12 10:22:04,2025-06-12 10:22:04.174486,SELL,56536.2,56511.8,632.0,1.0
2025-06-12 10:22:04,2025-06-12 10:22:04.416380,SELL,56536.2,56511.8,632.0,1.0
2025-06-12 10:22:04,2025-06-12 10:22:04.723727,SELL,56536.2,56511.8,632.0,1.0
2025-06-12 10:22:04,2025-06-12 10:22:04.963904,SELL,56536.2,56511.8,632.0,1.0
2025-06-12 10:22:05,2025-06-12 10:22:05.203617,SELL,56536.2,56511.8,632.0,1.0
2025-06-12 10:22:05,2025-06-12 10:22:05.455294,SELL,56536.2,56511.8,632.0,1.0
2025-06-12 10:22:05,2025-06-12 10:22:05.685313,SELL,56536.2,56511.8,632.0,1.0
2025-06-12 10:22:05,2025-06-12 10:22:05.920440,SELL,56536.2,56511.8,632.0,1.0
2025-06-12 10:22:06,2025-06-12 10:22:06.159335,SELL,56536.2,56511.8,632.0,1.0
2025-06-12 10:22:06,2025-06-12 10:22:06.406005,SELL,56536.2,56511.8,632.0,1.0
2025-06-12 10:22:06,2025-06-12 10:22:06.667799,SELL,56536.2,56511.8,632.0,1.0
2025-06-12 10:22:06,2025-06-12 10:22:06.917047,SELL,56536.2,56511.8,632.0,1.0
2025-06-12 10:22:07,2025-06-12 10:22:07.148269,SELL,56536.2,56511.8,632.0,1.0
2025-06-12 10:22:07,2025-06-12 10:22:07.385824,SELL,56536.2,56511.8,632.0,1.0
2025-06-12 10:22:07,2025-06-12 10:22:07.626846,SELL,56536.2,56511.8,632.0,1.0
2025-06-12 10:22:07,2025-06-12 10:22:07.883390,SELL,56536.2,56511.8,632.0,1.0
2025-06-12 10:22:08,2025-06-12 10:22:08.147290,SELL,56536.2,56511.8,632.0,1.0
2025-06-12 10:22:08,2025-06-12 10:22:08.396084,SELL,56536.2,56510.0,686.0,1.0
2025-06-12 10:22:08,2025-06-12 10:22:08.632699,SELL,56536.2,56510.0,686.0,1.0
2025-06-12 10:22:08,2025-06-12 10:22:08.910125,SELL,56536.2,56510.0,686.0,1.0
2025-06-12 10:22:09,2025-06-12 10:22:09.158658,SELL,56536.2,56510.0,686.0,1.0
2025-06-12 10:22:09,2025-06-12 10:22:09.408518,SELL,56536.2,56510.0,686.0,1.0
2025-06-12 10:22:09,2025-06-12 10:22:09.666313,SELL,56536.2,56510.0,686.0,1.0
2025-06-12 10:22:09,2025-06-12 10:22:09.923665,SELL,56536.2,56510.0,686.0,1.0
2025-06-12 10:22:10,2025-06-12 10:22:10.184429,SELL,56536.2,56510.0,686.0,1.0
2025-06-12 10:22:10,2025-06-12 10:22:10.445040,SELL,56536.2,56510.0,686.0,1.0
2025-06-12 10:22:10,2025-06-12 10:22:10.708593,SELL,56536.2,56510.0,686.0,1.0
2025-06-12 10:22:10,2025-06-12 10:22:10.957212,SELL,56536.2,56510.0,686.0,1.0
2025-06-12 10:22:11,2025-06-12 10:22:11.201356,SELL,56536.2,56510.0,686.0,1.0
2025-06-12 10:22:11,2025-06-12 10:22:11.445266,SELL,56536.2,56510.0,686.0,1.0
2025-06-12 10:22:11,2025-06-12 10:22:11.750061,SELL,56536.2,56510.0,686.0,1.0
2025-06-12 10:22:11,2025-06-12 10:22:11.992427,SELL,56536.2,56510.0,686.0,1.0
2025-06-12 10:22:12,2025-06-12 10:22:12.256367,SELL,56536.2,56510.0,686.0,1.0
2025-06-12 10:22:12,2025-06-12 10:22:12.513256,SELL,56536.2,56510.0,686.0,1.0
2025-06-12 10:22:12,2025-06-12 10:22:12.774230,SELL,56536.2,56510.0,686.0,1.0
2025-06-12 10:22:12,2025-06-12 10:22:13.028089,SELL,56536.2,56510.0,686.0,1.0
2025-06-12 10:22:13,2025-06-12 10:22:13.303870,SELL,56536.2,56510.0,686.0,1.0
2025-06-12 10:22:13,2025-06-12 10:22:13.543004,SELL,56536.2,56510.0,686.0,1.0
2025-06-12 10:22:13,2025-06-12 10:22:13.831799,SELL,56536.2,56510.0,686.0,1.0
2025-06-12 10:22:13,2025-06-12 10:22:14.084611,SELL,56536.2,56515.6,518.0,1.0
2025-06-12 10:22:14,2025-06-12 10:22:14.342591,SELL,56536.2,56515.6,518.0,1.0
2025-06-12 10:22:14,2025-06-12 10:22:14.619595,SELL,56536.2,56515.6,518.0,1.0
2025-06-12 10:22:14,2025-06-12 10:22:14.866063,SELL,56536.2,56515.6,518.0,1.0
2025-06-12 10:22:14,2025-06-12 10:22:15.113751,SELL,56536.2,56515.6,518.0,1.0
2025-06-12 10:22:15,2025-06-12 10:22:15.349955,SELL,56536.2,56515.6,518.0,1.0
2025-06-12 10:22:15,2025-06-12 10:22:15.591255,SELL,56536.2,56515.6,518.0,1.0
2025-06-12 10:22:15,2025-06-12 10:22:15.843950,SELL,56536.2,56515.6,518.0,1.0
2025-06-12 10:22:15,2025-06-12 10:22:16.078282,SELL,56536.2,56515.6,518.0,1.0
2025-06-12 10:22:16,2025-06-12 10:22:16.360092,SELL,56536.2,56515.6,518.0,1.0
2025-06-12 10:22:16,2025-06-12 10:22:16.639662,SELL,56536.2,56515.6,518.0,1.0
2025-06-12 10:22:16,2025-06-12 10:22:16.881596,SELL,56536.2,56515.6,518.0,1.0
2025-06-12 10:22:16,2025-06-12 10:22:17.113136,SELL,56536.2,56515.6,518.0,1.0
2025-06-12 10:22:17,2025-06-12 10:22:17.375977,SELL,56536.2,56515.6,518.0,1.0
2025-06-12 10:22:17,2025-06-12 10:22:17.618243,SELL,56536.2,56515.6,518.0,1.0
2025-06-12 10:22:17,2025-06-12 10:22:17.869295,SELL,56536.2,56515.6,518.0,1.0
2025-06-12 10:22:17,2025-06-12 10:22:18.227571,SELL,56536.2,56515.6,518.0,1.0
2025-06-12 10:22:18,2025-06-12 10:22:18.468371,SELL,56536.2,56515.6,518.0,1.0
2025-06-12 10:22:18,2025-06-12 10:22:18.727692,SELL,56536.2,56515.6,518.0,1.0
2025-06-12 10:22:18,2025-06-12 10:22:18.963071,SELL,56536.2,56514.0,566.0,1.0
2025-06-12 10:22:19,2025-06-12 10:22:19.215495,SELL,56536.2,56514.0,566.0,1.0
2025-06-12 10:22:19,2025-06-12 10:22:19.455881,SELL,56536.2,56514.0,566.0,1.0
2025-06-12 10:22:19,2025-06-12 10:22:19.709545,SELL,56536.2,56514.0,566.0,1.0
2025-06-12 10:22:19,2025-06-12 10:22:19.965798,SELL,56536.2,56514.0,566.0,1.0
2025-06-12 10:22:20,2025-06-12 10:22:20.203727,SELL,56536.2,56514.0,566.0,1.0
2025-06-12 10:22:20,2025-06-12 10:22:20.458099,SELL,56536.2,56514.0,566.0,1.0
2025-06-12 10:22:20,2025-06-12 10:22:20.699327,SELL,56536.2,56514.0,566.0,1.0
2025-06-12 10:22:20,2025-06-12 10:22:20.934770,SELL,56536.2,56514.0,566.0,1.0
2025-06-12 10:22:21,2025-06-12 10:22:21.167840,SELL,56536.2,56514.0,566.0,1.0
2025-06-12 10:22:21,2025-06-12 10:22:21.396151,SELL,56536.2,56514.0,566.0,1.0
2025-06-12 10:22:21,2025-06-12 10:22:21.680589,SELL,56536.2,56514.0,566.0,1.0
2025-06-12 10:22:21,2025-06-12 10:22:21.925774,SELL,56536.2,56514.0,566.0,1.0
2025-06-12 10:22:22,2025-06-12 10:22:22.169556,SELL,56536.2,56514.0,566.0,1.0
2025-06-12 10:22:22,2025-06-12 10:22:22.422127,SELL,56536.2,56514.0,566.0,1.0
2025-06-12 10:22:22,2025-06-12 10:22:22.686755,SELL,56536.2,56514.0,566.0,1.0
2025-06-12 10:22:22,2025-06-12 10:22:22.930394,SELL,56536.2,56514.0,566.0,1.0
2025-06-12 10:22:23,2025-06-12 10:22:23.181410,SELL,56536.2,56514.0,566.0,1.0
2025-06-12 10:22:23,2025-06-12 10:22:23.437272,SELL,56536.2,56514.0,566.0,1.0
2025-06-12 10:22:23,2025-06-12 10:22:23.684215,SELL,56536.2,56514.0,566.0,1.0
2025-06-12 10:22:23,2025-06-12 10:22:23.948702,SELL,56536.2,56514.0,566.0,1.0
2025-06-12 10:22:24,2025-06-12 10:22:24.180680,SELL,56536.2,56514.0,566.0,1.0
2025-06-12 10:22:24,2025-06-12 10:22:24.432280,SELL,56536.2,56514.0,566.0,1.0
2025-06-12 10:22:24,2025-06-12 10:22:24.664247,SELL,56536.2,56514.0,566.0,1.0
2025-06-12 10:22:24,2025-06-12 10:22:24.925445,SELL,56536.2,56514.0,566.0,1.0
2025-06-12 10:22:25,2025-06-12 10:22:25.162779,SELL,56536.2,56514.0,566.0,1.0
2025-06-12 10:22:25,2025-06-12 10:22:25.415327,SELL,56536.2,56514.0,566.0,1.0
2025-06-12 10:22:25,2025-06-12 10:22:25.693886,SELL,56536.2,56514.0,566.0,1.0
2025-06-12 10:22:25,2025-06-12 10:22:25.927693,SELL,56536.2,56514.0,566.0,1.0
2025-06-12 10:22:26,2025-06-12 10:22:26.167029,SELL,56536.2,56514.0,566.0,1.0
2025-06-12 10:22:26,2025-06-12 10:22:26.457221,SELL,56536.2,56514.0,566.0,1.0
2025-06-12 10:22:26,2025-06-12 10:22:26.694110,SELL,56536.2,56514.0,566.0,1.0
2025-06-12 10:22:26,2025-06-12 10:22:26.939435,SELL,56536.2,56514.0,566.0,1.0
2025-06-12 10:22:27,2025-06-12 10:22:27.201463,SELL,56536.2,56514.0,566.0,1.0
2025-06-12 10:22:27,2025-06-12 10:22:27.434854,SELL,56536.2,56514.0,566.0,1.0
2025-06-12 10:22:27,2025-06-12 10:22:27.676566,SELL,56536.2,56514.0,566.0,1.0
2025-06-12 10:22:27,2025-06-12 10:22:27.928160,SELL,56536.2,56514.0,566.0,1.0
2025-06-12 10:22:28,2025-06-12 10:22:28.219690,SELL,56536.2,56514.0,566.0,1.0
2025-06-12 10:22:28,2025-06-12 10:22:28.467392,SELL,56536.2,56514.0,566.0,1.0
2025-06-12 10:22:28,2025-06-12 10:22:28.730681,SELL,56536.2,56514.0,566.0,1.0
2025-06-12 10:22:28,2025-06-12 10:22:28.987850,SELL,56536.2,56514.0,566.0,1.0
2025-06-12 10:22:29,2025-06-12 10:22:29.224153,SELL,56536.2,56519.8,392.0,1.0
2025-06-12 10:22:29,2025-06-12 10:22:29.467906,SELL,56536.2,56519.8,392.0,1.0
2025-06-12 10:22:29,2025-06-12 10:22:29.705148,SELL,56536.2,56519.8,392.0,1.0
2025-06-12 10:22:29,2025-06-12 10:22:29.948356,SELL,56536.2,56519.8,392.0,1.0
2025-06-12 10:22:30,2025-06-12 10:22:30.207156,SELL,56536.2,56519.8,392.0,1.0
2025-06-12 10:22:30,2025-06-12 10:22:30.467657,SELL,56536.2,56519.8,392.0,1.0
2025-06-12 10:22:30,2025-06-12 10:22:30.717192,SELL,56536.2,56519.8,392.0,1.0
2025-06-12 10:22:30,2025-06-12 10:22:30.966684,SELL,56536.2,56519.8,392.0,1.0
2025-06-12 10:22:31,2025-06-12 10:22:31.227968,SELL,56536.2,56519.8,392.0,1.0
2025-06-12 10:22:31,2025-06-12 10:22:31.494277,SELL,56536.2,56519.8,392.0,1.0
2025-06-12 10:22:31,2025-06-12 10:22:31.763805,SELL,56536.2,56519.8,392.0,1.0
2025-06-12 10:22:31,2025-06-12 10:22:32.007386,SELL,56536.2,56519.8,392.0,1.0
2025-06-12 10:22:32,2025-06-12 10:22:32.305676,SELL,56536.2,56519.8,392.0,1.0
2025-06-12 10:22:32,2025-06-12 10:22:32.554184,SELL,56536.2,56519.8,392.0,1.0
2025-06-12 10:22:32,2025-06-12 10:22:32.801215,SELL,56536.2,56519.8,392.0,1.0
2025-06-12 10:22:32,2025-06-12 10:22:33.057245,SELL,56536.2,56519.8,392.0,1.0
2025-06-12 10:22:33,2025-06-12 10:22:33.308747,SELL,56536.2,56519.8,392.0,1.0
2025-06-12 10:22:33,2025-06-12 10:22:33.565537,SELL,56536.2,56521.0,356.0,1.0
2025-06-12 10:22:33,2025-06-12 10:22:33.824259,SELL,56536.2,56522.0,326.0,1.0
2025-06-12 10:22:33,2025-06-12 10:22:34.154847,SELL,56536.2,56522.0,326.0,1.0
2025-06-12 10:22:34,2025-06-12 10:22:34.407247,SELL,56536.2,56522.0,326.0,1.0
2025-06-12 10:22:34,2025-06-12 10:22:34.651993,SELL,56536.2,56522.0,326.0,1.0
2025-06-12 10:22:34,2025-06-12 10:22:34.905517,SELL,56536.2,56522.0,326.0,1.0
2025-06-12 10:22:35,2025-06-12 10:22:35.180407,SELL,56536.2,56522.0,326.0,1.0
2025-06-12 10:22:35,2025-06-12 10:22:35.444013,SELL,56536.2,56522.0,326.0,1.0
2025-06-12 10:22:35,2025-06-12 10:22:35.683707,SELL,56536.2,56522.0,326.0,1.0
2025-06-12 10:22:35,2025-06-12 10:22:35.952854,SELL,56536.2,56522.0,326.0,1.0
2025-06-12 10:22:36,2025-06-12 10:22:36.204302,SELL,56536.2,56522.0,326.0,1.0
2025-06-12 10:22:36,2025-06-12 10:22:36.469232,SELL,56536.2,56522.0,326.0,1.0
2025-06-12 10:22:36,2025-06-12 10:22:36.708208,SELL,56536.2,56522.0,326.0,1.0
2025-06-12 10:22:36,2025-06-12 10:22:36.945919,SELL,56536.2,56522.0,326.0,1.0
2025-06-12 10:22:37,2025-06-12 10:22:37.198080,SELL,56536.2,56522.0,326.0,1.0
2025-06-12 10:22:37,2025-06-12 10:22:37.448424,SELL,56536.2,56522.0,326.0,1.0
2025-06-12 10:22:37,2025-06-12 10:22:37.686757,SELL,56536.2,56522.0,326.0,1.0
2025-06-12 10:22:37,2025-06-12 10:22:37.942889,SELL,56536.2,56522.0,326.0,1.0
2025-06-12 10:22:38,2025-06-12 10:22:38.184509,SELL,56536.2,56522.0,326.0,1.0
2025-06-12 10:22:38,2025-06-12 10:22:38.435405,SELL,56536.2,56524.8,242.0,1.0
2025-06-12 10:22:38,2025-06-12 10:22:38.729915,SELL,56536.2,56524.8,242.0,1.0
2025-06-12 10:22:38,2025-06-12 10:22:38.965777,SELL,56536.2,56524.8,242.0,1.0
2025-06-12 10:22:39,2025-06-12 10:22:39.216230,SELL,56536.2,56524.8,242.0,1.0
2025-06-12 10:22:39,2025-06-12 10:22:39.468013,SELL,56536.2,56524.8,242.0,1.0
2025-06-12 10:22:39,2025-06-12 10:22:39.703802,SELL,56536.2,56524.8,242.0,1.0
2025-06-12 10:22:39,2025-06-12 10:22:39.955602,SELL,56536.2,56524.8,242.0,1.0
2025-06-12 10:22:40,2025-06-12 10:22:40.199015,SELL,56536.2,56524.8,242.0,1.0
2025-06-12 10:22:40,2025-06-12 10:22:40.458610,SELL,56536.2,56524.8,242.0,1.0
2025-06-12 10:22:40,2025-06-12 10:22:40.688804,SELL,56536.2,56524.8,242.0,1.0
2025-06-12 10:22:40,2025-06-12 10:22:40.933587,SELL,56536.2,56524.8,242.0,1.0
2025-06-12 10:22:41,2025-06-12 10:22:41.161324,SELL,56536.2,56524.8,242.0,1.0
2025-06-12 10:22:41,2025-06-12 10:22:41.406146,SELL,56536.2,56524.8,242.0,1.0
2025-06-12 10:22:41,2025-06-12 10:22:41.662036,SELL,56536.2,56524.8,242.0,1.0
2025-06-12 10:22:41,2025-06-12 10:22:41.900248,SELL,56536.2,56524.8,242.0,1.0
2025-06-12 10:22:42,2025-06-12 10:22:42.142556,SELL,56536.2,56524.8,242.0,1.0
2025-06-12 10:22:42,2025-06-12 10:22:42.382671,SELL,56536.2,56524.8,242.0,1.0
2025-06-12 10:22:42,2025-06-12 10:22:42.615126,SELL,56536.2,56524.8,242.0,1.0
2025-06-12 10:22:42,2025-06-12 10:22:42.852983,SELL,56536.2,56524.8,242.0,1.0
2025-06-12 10:22:42,2025-06-12 10:22:43.086175,SELL,56536.2,56524.8,242.0,1.0
2025-06-12 10:22:43,2025-06-12 10:22:43.325909,SELL,56536.2,56524.8,242.0,1.0
2025-06-12 10:22:43,2025-06-12 10:22:43.559706,SELL,56536.2,56524.8,242.0,1.0
2025-06-12 10:22:43,2025-06-12 10:22:43.821165,SELL,56536.2,56524.8,242.0,1.0
2025-06-12 10:22:43,2025-06-12 10:22:44.080324,SELL,56536.2,56524.8,242.0,1.0
2025-06-12 10:22:44,2025-06-12 10:22:44.346670,SELL,56536.2,56524.8,242.0,1.0
2025-06-12 10:22:44,2025-06-12 10:22:44.584330,SELL,56536.2,56524.8,242.0,1.0
2025-06-12 10:22:44,2025-06-12 10:22:44.812572,SELL,56536.2,56524.8,242.0,1.0
2025-06-12 10:22:44,2025-06-12 10:22:45.036275,SELL,56536.2,56524.8,242.0,1.0
2025-06-12 10:22:45,2025-06-12 10:22:45.279070,SELL,56536.2,56524.8,242.0,1.0
2025-06-12 10:22:45,2025-06-12 10:22:45.547397,SELL,56536.2,56524.8,242.0,1.0
2025-06-12 10:22:45,2025-06-12 10:22:45.898597,SELL,56536.2,56524.8,242.0,1.0
2025-06-12 10:22:45,2025-06-12 10:22:46.138914,SELL,56536.2,56524.8,242.0,1.0
2025-06-12 10:22:46,2025-06-12 10:22:46.378708,SELL,56536.2,56524.8,242.0,1.0
2025-06-12 10:22:46,2025-06-12 10:22:46.688284,SELL,56536.2,56524.8,242.0,1.0
2025-06-12 10:22:46,2025-06-12 10:22:46.934068,SELL,56536.2,56524.8,242.0,1.0
2025-06-12 10:22:47,2025-06-12 10:22:47.215260,SELL,56536.2,56524.8,242.0,1.0
2025-06-12 10:22:47,2025-06-12 10:22:47.469999,SELL,56536.2,56524.8,242.0,1.0
2025-06-12 10:22:47,2025-06-12 10:22:47.708289,SELL,56536.2,56524.8,242.0,1.0
2025-06-12 10:22:47,2025-06-12 10:22:47.961903,SELL,56536.2,56524.8,242.0,1.0
2025-06-12 10:22:48,2025-06-12 10:22:48.205110,SELL,56536.2,56524.8,242.0,1.0
2025-06-12 10:22:48,2025-06-12 10:22:48.449212,SELL,56536.2,56524.8,242.0,1.0
2025-06-12 10:22:48,2025-06-12 10:22:48.684960,SELL,56536.2,56524.8,242.0,1.0
2025-06-12 10:22:48,2025-06-12 10:22:48.952005,SELL,56536.2,56524.8,242.0,1.0
2025-06-12 10:22:49,2025-06-12 10:22:49.189400,SELL,56536.2,56521.0,356.0,1.0
2025-06-12 10:22:49,2025-06-12 10:22:49.426313,SELL,56536.2,56525.0,236.0,1.0
2025-06-12 10:22:49,2025-06-12 10:22:49.670792,SELL,56536.2,56525.0,236.0,1.0
2025-06-12 10:22:49,2025-06-12 10:22:49.917695,SELL,56536.2,56525.0,236.0,1.0
2025-06-12 10:22:50,2025-06-12 10:22:50.154598,SELL,56536.2,56525.0,236.0,1.0
2025-06-12 10:22:50,2025-06-12 10:22:50.389119,SELL,56536.2,56525.0,236.0,1.0
2025-06-12 10:22:50,2025-06-12 10:22:50.666554,SELL,56536.2,56525.0,236.0,1.0
2025-06-12 10:22:50,2025-06-12 10:22:50.898059,SELL,56536.2,56525.0,236.0,1.0
2025-06-12 10:22:50,2025-06-12 10:22:51.141762,SELL,56536.2,56525.0,236.0,1.0
2025-06-12 10:22:51,2025-06-12 10:22:51.393974,SELL,56536.2,56525.0,236.0,1.0
2025-06-12 10:22:51,2025-06-12 10:22:51.666815,SELL,56536.2,56525.0,236.0,1.0
2025-06-12 10:22:51,2025-06-12 10:22:51.931931,SELL,56536.2,56525.0,236.0,1.0
2025-06-12 10:22:52,2025-06-12 10:22:52.184177,SELL,56536.2,56525.0,236.0,1.0
2025-06-12 10:22:52,2025-06-12 10:22:52.437366,SELL,56536.2,56525.0,236.0,1.0
2025-06-12 10:22:52,2025-06-12 10:22:52.688562,SELL,56536.2,56525.0,236.0,1.0
2025-06-12 10:22:52,2025-06-12 10:22:52.950479,SELL,56536.2,56525.0,236.0,1.0
2025-06-12 10:22:53,2025-06-12 10:22:53.219060,SELL,56536.2,56525.0,236.0,1.0
2025-06-12 10:22:53,2025-06-12 10:22:53.475105,SELL,56536.2,56525.0,236.0,1.0
2025-06-12 10:22:53,2025-06-12 10:22:53.722397,SELL,56536.2,56525.0,236.0,1.0
2025-06-12 10:22:53,2025-06-12 10:22:53.965647,SELL,56536.2,56525.0,236.0,1.0
2025-06-12 10:22:54,2025-06-12 10:22:54.219033,SELL,56536.2,56521.0,356.0,1.0
2025-06-12 10:22:54,2025-06-12 10:22:54.495337,SELL,56536.2,56519.8,392.0,1.0
2025-06-12 10:22:54,2025-06-12 10:22:54.780077,SELL,56536.2,56519.8,392.0,1.0
2025-06-12 10:22:54,2025-06-12 10:22:55.038189,SELL,56536.2,56519.8,392.0,1.0
2025-06-12 10:22:55,2025-06-12 10:22:55.285745,SELL,56536.2,56519.8,392.0,1.0
2025-06-12 10:22:55,2025-06-12 10:22:55.562854,SELL,56536.2,56519.8,392.0,1.0
2025-06-12 10:22:55,2025-06-12 10:22:55.812460,SELL,56536.2,56519.8,392.0,1.0
2025-06-12 10:22:55,2025-06-12 10:22:56.063991,SELL,56536.2,56519.8,392.0,1.0
2025-06-12 10:22:56,2025-06-12 10:22:56.293080,SELL,56536.2,56519.8,392.0,1.0
2025-06-12 10:22:56,2025-06-12 10:22:56.538204,SELL,56536.2,56519.8,392.0,1.0
2025-06-12 10:22:56,2025-06-12 10:22:56.773749,SELL,56536.2,56519.8,392.0,1.0
2025-06-12 10:22:56,2025-06-12 10:22:57.029413,SELL,56536.2,56519.8,392.0,1.0
2025-06-12 10:22:57,2025-06-12 10:22:57.281940,SELL,56536.2,56519.8,392.0,1.0
2025-06-12 10:22:57,2025-06-12 10:22:57.589990,SELL,56536.2,56519.8,392.0,1.0
2025-06-12 10:22:57,2025-06-12 10:22:57.838076,SELL,56536.2,56519.8,392.0,1.0
2025-06-12 10:22:57,2025-06-12 10:22:58.100009,SELL,56536.2,56519.8,392.0,1.0
2025-06-12 10:22:58,2025-06-12 10:22:58.375975,SELL,56536.2,56519.8,392.0,1.0
2025-06-12 10:22:58,2025-06-12 10:22:58.615847,SELL,56536.2,56519.8,392.0,1.0
2025-06-12 10:22:58,2025-06-12 10:22:58.856666,SELL,56536.2,56519.8,392.0,1.0
2025-06-12 10:22:58,2025-06-12 10:22:59.099542,SELL,56536.2,56519.8,392.0,1.0
2025-06-12 10:22:59,2025-06-12 10:22:59.344982,SELL,56536.2,56518.8,422.0,1.0
2025-06-12 10:22:59,2025-06-12 10:22:59.612340,SELL,56536.2,56518.8,422.0,1.0
2025-06-12 10:22:59,2025-06-12 10:22:59.862907,SELL,56536.2,56518.8,422.0,1.0
2025-06-12 10:22:59,2025-06-12 10:23:00.178717,SELL,56536.2,56518.8,422.0,1.0
2025-06-12 10:23:00,2025-06-12 10:23:00.429817,SELL,56536.2,56518.8,422.0,1.0
2025-06-12 10:23:00,2025-06-12 10:23:00.673760,SELL,56536.2,56518.8,422.0,1.0
2025-06-12 10:23:00,2025-06-12 10:23:00.933701,SELL,56536.2,56518.8,422.0,1.0
2025-06-12 10:23:01,2025-06-12 10:23:01.180036,SELL,56536.2,56518.8,422.0,1.0
2025-06-12 10:23:01,2025-06-12 10:23:01.474483,SELL,56536.2,56518.8,422.0,1.0
2025-06-12 10:23:01,2025-06-12 10:23:01.795906,SELL,56536.2,56518.8,422.0,1.0
2025-06-12 10:23:01,2025-06-12 10:23:02.105852,SELL,56536.2,56518.8,422.0,1.0
2025-06-12 10:23:02,2025-06-12 10:23:02.359911,SELL,56536.2,56518.8,422.0,1.0
2025-06-12 10:23:02,2025-06-12 10:23:02.735741,SELL,56536.2,56518.8,422.0,1.0
2025-06-12 10:23:02,2025-06-12 10:23:03.018808,SELL,56536.2,56518.8,422.0,1.0
2025-06-12 10:23:03,2025-06-12 10:23:03.254403,SELL,56536.2,56518.8,422.0,1.0
2025-06-12 10:23:03,2025-06-12 10:23:03.503854,SELL,56536.2,56518.8,422.0,1.0
2025-06-12 10:23:03,2025-06-12 10:23:03.750984,SELL,56536.2,56518.8,422.0,1.0
2025-06-12 10:23:03,2025-06-12 10:23:03.988890,SELL,56536.2,56519.0,416.0,1.0
2025-06-12 10:23:04,2025-06-12 10:23:04.262034,SELL,56536.2,56519.0,416.0,1.0
2025-06-12 10:23:04,2025-06-12 10:23:04.498673,SELL,56536.2,56519.0,416.0,1.0
2025-06-12 10:23:04,2025-06-12 10:23:04.767877,SELL,56536.2,56519.0,416.0,1.0
2025-06-12 10:23:04,2025-06-12 10:23:05.002722,SELL,56536.2,56519.0,416.0,1.0
2025-06-12 10:23:05,2025-06-12 10:23:05.237129,SELL,56536.2,56519.0,416.0,1.0
2025-06-12 10:23:05,2025-06-12 10:23:05.503483,SELL,56536.2,56519.0,416.0,1.0
2025-06-12 10:23:05,2025-06-12 10:23:05.786011,SELL,56536.2,56519.0,416.0,1.0
2025-06-12 10:23:05,2025-06-12 10:23:06.048568,SELL,56536.2,56519.0,416.0,1.0
2025-06-12 10:23:06,2025-06-12 10:23:06.306042,SELL,56536.2,56519.0,416.0,1.0
2025-06-12 10:23:06,2025-06-12 10:23:06.550370,SELL,56536.2,56519.0,416.0,1.0
2025-06-12 10:23:06,2025-06-12 10:23:06.798890,SELL,56536.2,56519.0,416.0,1.0
2025-06-12 10:23:06,2025-06-12 10:23:07.098799,SELL,56536.2,56519.0,416.0,1.0
2025-06-12 10:23:07,2025-06-12 10:23:07.376324,SELL,56536.2,56519.0,416.0,1.0
2025-06-12 10:23:07,2025-06-12 10:23:07.631775,SELL,56536.2,56519.0,416.0,1.0
2025-06-12 10:23:07,2025-06-12 10:23:07.927530,SELL,56536.2,56519.0,416.0,1.0
2025-06-12 10:23:08,2025-06-12 10:23:08.187854,SELL,56536.2,56519.0,416.0,1.0
2025-06-12 10:23:08,2025-06-12 10:23:08.427197,SELL,56536.2,56519.0,416.0,1.0
2025-06-12 10:23:08,2025-06-12 10:23:08.680583,SELL,56536.2,56519.0,416.0,1.0
2025-06-12 10:23:08,2025-06-12 10:23:08.966371,SELL,56536.2,56525.0,236.0,1.0
2025-06-12 10:23:09,2025-06-12 10:23:09.217111,SELL,56536.2,56525.0,236.0,1.0
2025-06-12 10:23:09,2025-06-12 10:23:09.487075,SELL,56536.2,56525.0,236.0,1.0
2025-06-12 10:23:09,2025-06-12 10:23:09.731536,SELL,56536.2,56525.0,236.0,1.0
2025-06-12 10:23:09,2025-06-12 10:23:09.971710,SELL,56536.2,56525.0,236.0,1.0
2025-06-12 10:23:10,2025-06-12 10:23:10.225277,SELL,56536.2,56525.0,236.0,1.0
2025-06-12 10:23:10,2025-06-12 10:23:10.488071,SELL,56536.2,56525.0,236.0,1.0
2025-06-12 10:23:10,2025-06-12 10:23:10.747211,SELL,56536.2,56525.0,236.0,1.0
2025-06-12 10:23:10,2025-06-12 10:23:11.001424,SELL,56536.2,56525.0,236.0,1.0
2025-06-12 10:23:11,2025-06-12 10:23:11.265035,SELL,56536.2,56525.0,236.0,1.0
2025-06-12 10:23:11,2025-06-12 10:23:11.523674,SELL,56536.2,56525.0,236.0,1.0
2025-06-12 10:23:11,2025-06-12 10:23:11.771496,SELL,56536.2,56525.0,236.0,1.0
2025-06-12 10:23:11,2025-06-12 10:23:12.004260,SELL,56536.2,56525.0,236.0,1.0
2025-06-12 10:23:12,2025-06-12 10:23:12.239469,SELL,56536.2,56525.0,236.0,1.0
2025-06-12 10:23:12,2025-06-12 10:23:12.490778,SELL,56536.2,56525.0,236.0,1.0
2025-06-12 10:23:12,2025-06-12 10:23:12.739356,SELL,56536.2,56525.0,236.0,1.0
2025-06-12 10:23:12,2025-06-12 10:23:12.977240,SELL,56536.2,56525.0,236.0,1.0
2025-06-12 10:23:13,2025-06-12 10:23:13.228713,SELL,56536.2,56525.0,236.0,1.0
2025-06-12 10:23:13,2025-06-12 10:23:13.492912,SELL,56536.2,56525.0,236.0,1.0
2025-06-12 10:23:13,2025-06-12 10:23:13.761859,SELL,56536.2,56525.0,236.0,1.0
2025-06-12 10:23:13,2025-06-12 10:23:14.017904,SELL,56536.2,56525.0,236.0,1.0
2025-06-12 10:23:14,2025-06-12 10:23:14.255560,SELL,56536.2,56525.0,236.0,1.0
2025-06-12 10:23:14,2025-06-12 10:23:14.511597,SELL,56536.2,56525.0,236.0,1.0
2025-06-12 10:23:14,2025-06-12 10:23:14.747688,SELL,56536.2,56525.0,236.0,1.0
2025-06-12 10:23:14,2025-06-12 10:23:15.022843,SELL,56536.2,56525.0,236.0,1.0
2025-06-12 10:23:15,2025-06-12 10:23:15.276140,SELL,56536.2,56525.0,236.0,1.0
2025-06-12 10:23:15,2025-06-12 10:23:15.540583,SELL,56536.2,56525.0,236.0,1.0
2025-06-12 10:23:15,2025-06-12 10:23:15.824343,SELL,56536.2,56525.0,236.0,1.0
2025-06-12 10:23:15,2025-06-12 10:23:16.069033,SELL,56536.2,56525.0,236.0,1.0
2025-06-12 10:23:16,2025-06-12 10:23:16.310515,SELL,56536.2,56525.0,236.0,1.0
2025-06-12 10:23:16,2025-06-12 10:23:16.560851,SELL,56536.2,56525.0,236.0,1.0
2025-06-12 10:23:16,2025-06-12 10:23:16.808443,SELL,56536.2,56525.0,236.0,1.0
2025-06-12 10:23:16,2025-06-12 10:23:17.064143,SELL,56536.2,56525.0,236.0,1.0
2025-06-12 10:23:17,2025-06-12 10:23:17.323397,SELL,56536.2,56525.0,236.0,1.0
2025-06-12 10:23:17,2025-06-12 10:23:17.581953,SELL,56536.2,56525.0,236.0,1.0
2025-06-12 10:23:17,2025-06-12 10:23:17.838245,SELL,56536.2,56525.0,236.0,1.0
2025-06-12 10:23:17,2025-06-12 10:23:18.076447,SELL,56536.2,56525.0,236.0,1.0
2025-06-12 10:23:18,2025-06-12 10:23:18.335662,SELL,56536.2,56525.0,236.0,1.0
2025-06-12 10:23:18,2025-06-12 10:23:18.602870,SELL,56536.2,56525.0,236.0,1.0
2025-06-12 10:23:18,2025-06-12 10:23:18.855105,SELL,56536.2,56525.0,236.0,1.0
2025-06-12 10:23:18,2025-06-12 10:23:19.102024,SELL,56536.2,56525.0,236.0,1.0
2025-06-12 10:23:19,2025-06-12 10:23:19.359091,SELL,56536.2,56525.0,236.0,1.0
2025-06-12 10:23:19,2025-06-12 10:23:19.610856,SELL,56536.2,56525.0,236.0,1.0
2025-06-12 10:23:19,2025-06-12 10:23:19.876822,SELL,56536.2,56525.0,236.0,1.0
2025-06-12 10:23:19,2025-06-12 10:23:20.121904,SELL,56536.2,56525.0,236.0,1.0
2025-06-12 10:23:20,2025-06-12 10:23:20.368698,SELL,56536.2,56525.0,236.0,1.0
2025-06-12 10:23:20,2025-06-12 10:23:20.622240,SELL,56536.2,56525.0,236.0,1.0
2025-06-12 10:23:20,2025-06-12 10:23:20.868003,SELL,56536.2,56525.0,236.0,1.0
2025-06-12 10:23:20,2025-06-12 10:23:21.134279,SELL,56536.2,56525.0,236.0,1.0
2025-06-12 10:23:21,2025-06-12 10:23:21.385217,SELL,56536.2,56525.0,236.0,1.0
2025-06-12 10:23:21,2025-06-12 10:23:21.667819,SELL,56536.2,56525.0,236.0,1.0
2025-06-12 10:23:21,2025-06-12 10:23:21.912939,SELL,56536.2,56525.0,236.0,1.0
2025-06-12 10:23:22,2025-06-12 10:23:22.167751,SELL,56536.2,56525.0,236.0,1.0
2025-06-12 10:23:22,2025-06-12 10:23:22.406624,SELL,56536.2,56525.0,236.0,1.0
2025-06-12 10:23:22,2025-06-12 10:23:22.660776,SELL,56536.2,56525.0,236.0,1.0
2025-06-12 10:23:22,2025-06-12 10:23:22.946111,SELL,56536.2,56525.0,236.0,1.0
2025-06-12 10:23:23,2025-06-12 10:23:23.210449,SELL,56536.2,56525.0,236.0,1.0
2025-06-12 10:23:23,2025-06-12 10:23:23.544081,SELL,56536.2,56525.0,236.0,1.0
2025-06-12 10:23:23,2025-06-12 10:23:23.834930,SELL,56536.2,56525.0,236.0,1.0
2025-06-12 10:23:23,2025-06-12 10:23:24.109433,SELL,56536.2,56525.0,236.0,1.0
2025-06-12 10:23:24,2025-06-12 10:23:24.363250,SELL,56536.2,56525.0,236.0,1.0
2025-06-12 10:23:24,2025-06-12 10:23:24.602124,SELL,56536.2,56525.0,236.0,1.0
2025-06-12 10:23:24,2025-06-12 10:23:24.853347,SELL,56536.2,56525.0,236.0,1.0
2025-06-12 10:23:24,2025-06-12 10:23:25.099747,SELL,56536.2,56525.0,236.0,1.0
2025-06-12 10:23:25,2025-06-12 10:23:25.359833,SELL,56536.2,56525.0,236.0,1.0
2025-06-12 10:23:25,2025-06-12 10:23:25.612910,SELL,56536.2,56525.0,236.0,1.0
2025-06-12 10:23:25,2025-06-12 10:23:25.892433,SELL,56536.2,56525.0,236.0,1.0
2025-06-12 10:23:25,2025-06-12 10:23:26.151499,SELL,56536.2,56525.0,236.0,1.0
2025-06-12 10:23:26,2025-06-12 10:23:26.411409,SELL,56536.2,56525.0,236.0,1.0
2025-06-12 10:23:26,2025-06-12 10:23:26.669161,SELL,56536.2,56525.0,236.0,1.0
2025-06-12 10:23:26,2025-06-12 10:23:26.919193,SELL,56536.2,56525.0,236.0,1.0
2025-06-12 10:23:27,2025-06-12 10:23:27.184302,SELL,56536.2,56525.0,236.0,1.0
2025-06-12 10:23:27,2025-06-12 10:23:27.450438,SELL,56536.2,56525.0,236.0,1.0
2025-06-12 10:23:27,2025-06-12 10:23:27.709612,SELL,56536.2,56525.0,236.0,1.0
2025-06-12 10:23:27,2025-06-12 10:23:27.962456,SELL,56536.2,56525.0,236.0,1.0
2025-06-12 10:23:28,2025-06-12 10:23:28.227956,SELL,56536.2,56525.0,236.0,1.0
2025-06-12 10:23:28,2025-06-12 10:23:28.493319,SELL,56536.2,56525.0,236.0,1.0
2025-06-12 10:23:28,2025-06-12 10:23:28.749556,SELL,56536.2,56525.0,236.0,1.0
2025-06-12 10:23:28,2025-06-12 10:23:28.998257,SELL,56536.2,56525.0,236.0,1.0
2025-06-12 10:23:29,2025-06-12 10:23:29.240534,SELL,56536.2,56525.0,236.0,1.0
2025-06-12 10:23:29,2025-06-12 10:23:29.494039,SELL,56536.2,56525.0,236.0,1.0
2025-06-12 10:23:29,2025-06-12 10:23:29.738440,SELL,56536.2,56525.0,236.0,1.0
2025-06-12 10:23:29,2025-06-12 10:23:29.984428,SELL,56536.2,56525.0,236.0,1.0
2025-06-12 10:23:30,2025-06-12 10:23:30.246000,SELL,56536.2,56525.0,236.0,1.0
2025-06-12 10:23:30,2025-06-12 10:23:30.545347,SELL,56536.2,56525.0,236.0,1.0
2025-06-12 10:23:30,2025-06-12 10:23:30.786493,SELL,56536.2,56525.0,236.0,1.0
2025-06-12 10:23:30,2025-06-12 10:23:31.033719,SELL,56536.2,56525.0,236.0,1.0
2025-06-12 10:23:31,2025-06-12 10:23:31.272007,SELL,56536.2,56525.0,236.0,1.0
2025-06-12 10:23:31,2025-06-12 10:23:31.510131,SELL,56536.2,56525.0,236.0,1.0
2025-06-12 10:23:31,2025-06-12 10:23:31.770446,SELL,56536.2,56525.0,236.0,1.0
2025-06-12 10:23:31,2025-06-12 10:23:32.024396,SELL,56536.2,56525.0,236.0,1.0
2025-06-12 10:23:32,2025-06-12 10:23:32.288049,SELL,56536.2,56525.0,236.0,1.0
2025-06-12 10:23:32,2025-06-12 10:23:32.542947,SELL,56536.2,56525.0,236.0,1.0
2025-06-12 10:23:32,2025-06-12 10:23:32.801179,SELL,56536.2,56525.0,236.0,1.0
2025-06-12 10:23:32,2025-06-12 10:23:33.039307,SELL,56536.2,56525.0,236.0,1.0
2025-06-12 10:23:33,2025-06-12 10:23:33.295690,SELL,56536.2,56525.0,236.0,1.0
2025-06-12 10:23:33,2025-06-12 10:23:33.561710,SELL,56536.2,56525.0,236.0,1.0
2025-06-12 10:23:33,2025-06-12 10:23:33.823966,SELL,56536.2,56525.0,236.0,1.0
2025-06-12 10:23:33,2025-06-12 10:23:34.070859,SELL,56536.2,56533.6,-22.0,1.0
2025-06-12 10:23:34,2025-06-12 10:23:34.351759,SELL,56536.2,56533.6,-22.0,1.0
2025-06-12 10:23:34,2025-06-12 10:23:34.624632,SELL,56536.2,56533.6,-22.0,1.0
2025-06-12 10:23:34,2025-06-12 10:23:34.907422,SELL,56536.2,56533.6,-22.0,1.0
2025-06-12 10:23:35,2025-06-12 10:23:35.188936,SELL,56536.2,56533.6,-22.0,1.0
2025-06-12 10:23:35,2025-06-12 10:23:35.433489,SELL,56536.2,56533.6,-22.0,1.0
2025-06-12 10:23:35,2025-06-12 10:23:35.670178,SELL,56536.2,56533.6,-22.0,1.0
2025-06-12 10:23:35,2025-06-12 10:23:35.924573,SELL,56536.2,56533.6,-22.0,1.0
2025-06-12 10:23:36,2025-06-12 10:23:36.156862,SELL,56536.2,56533.6,-22.0,1.0
2025-06-12 10:23:36,2025-06-12 10:23:36.444050,SELL,56536.2,56533.6,-22.0,1.0
2025-06-12 10:23:36,2025-06-12 10:23:36.730983,SELL,56536.2,56533.6,-22.0,1.0
2025-06-12 10:23:36,2025-06-12 10:23:36.968037,SELL,56536.2,56533.6,-22.0,1.0
2025-06-12 10:23:37,2025-06-12 10:23:37.217312,SELL,56536.2,56533.6,-22.0,1.0
2025-06-12 10:23:37,2025-06-12 10:23:37.469782,SELL,56536.2,56533.6,-22.0,1.0
2025-06-12 10:23:37,2025-06-12 10:23:37.716550,SELL,56536.2,56533.6,-22.0,1.0
2025-06-12 10:23:37,2025-06-12 10:23:37.972310,SELL,56536.2,56533.6,-22.0,1.0
2025-06-12 10:23:38,2025-06-12 10:23:38.208053,SELL,56536.2,56533.6,-22.0,1.0
2025-06-12 10:23:38,2025-06-12 10:23:38.473090,SELL,56536.2,56533.6,-22.0,1.0
2025-06-12 10:23:38,2025-06-12 10:23:38.712831,SELL,56536.2,56533.6,-22.0,1.0
2025-06-12 10:23:38,2025-06-12 10:23:38.987805,SELL,56536.2,56533.6,-22.0,1.0
2025-06-12 10:23:39,2025-06-12 10:23:39.227932,SELL,56536.2,56533.6,-22.0,1.0
2025-06-12 10:23:39,2025-06-12 10:23:39.476208,SELL,56536.2,56533.6,-22.0,1.0
2025-06-12 10:23:39,2025-06-12 10:23:39.717415,SELL,56536.2,56533.6,-22.0,1.0
2025-06-12 10:23:39,2025-06-12 10:23:39.970025,SELL,56536.2,56533.6,-22.0,1.0
2025-06-12 10:23:40,2025-06-12 10:23:40.215222,SELL,56536.2,56533.6,-22.0,1.0
2025-06-12 10:23:40,2025-06-12 10:23:40.454350,SELL,56536.2,56533.6,-22.0,1.0
2025-06-12 10:23:40,2025-06-12 10:23:40.724508,SELL,56536.2,56533.6,-22.0,1.0
2025-06-12 10:23:40,2025-06-12 10:23:40.966482,SELL,56536.2,56533.6,-22.0,1.0
2025-06-12 10:23:41,2025-06-12 10:23:41.211986,SELL,56536.2,56533.6,-22.0,1.0
2025-06-12 10:23:41,2025-06-12 10:23:41.475156,SELL,56536.2,56533.6,-22.0,1.0
2025-06-12 10:23:41,2025-06-12 10:23:41.720581,SELL,56536.2,56533.6,-22.0,1.0
2025-06-12 10:23:41,2025-06-12 10:23:41.998210,SELL,56536.2,56533.6,-22.0,1.0
2025-06-12 10:23:42,2025-06-12 10:23:42.238204,SELL,56536.2,56533.6,-22.0,1.0
2025-06-12 10:23:42,2025-06-12 10:23:42.538351,SELL,56536.2,56533.6,-22.0,1.0
2025-06-12 10:23:42,2025-06-12 10:23:42.801875,SELL,56536.2,56533.6,-22.0,1.0
2025-06-12 10:23:42,2025-06-12 10:23:43.048152,SELL,56536.2,56533.6,-22.0,1.0
2025-06-12 10:23:43,2025-06-12 10:23:43.316318,SELL,56536.2,56533.6,-22.0,1.0
2025-06-12 10:23:43,2025-06-12 10:23:43.567445,SELL,56536.2,56533.6,-22.0,1.0
2025-06-12 10:23:43,2025-06-12 10:23:43.822469,SELL,56536.2,56533.6,-22.0,1.0
2025-06-12 10:23:43,2025-06-12 10:23:44.070330,SELL,56536.2,56533.6,-22.0,1.0
2025-06-12 10:23:44,2025-06-12 10:23:44.370865,SELL,56536.2,56525.0,236.0,1.0
2025-06-12 10:23:44,2025-06-12 10:23:44.615817,SELL,56536.2,56525.0,236.0,1.0
2025-06-12 10:23:44,2025-06-12 10:23:44.852278,SELL,56536.2,56525.0,236.0,1.0
2025-06-12 10:23:44,2025-06-12 10:23:45.101063,SELL,56536.2,56525.0,236.0,1.0
2025-06-12 10:23:45,2025-06-12 10:23:45.357105,SELL,56536.2,56525.0,236.0,1.0
2025-06-12 10:23:45,2025-06-12 10:23:45.609934,SELL,56536.2,56525.0,236.0,1.0
2025-06-12 10:23:45,2025-06-12 10:23:45.864412,SELL,56536.2,56525.0,236.0,1.0
2025-06-12 10:23:45,2025-06-12 10:23:46.108155,SELL,56536.2,56525.0,236.0,1.0
2025-06-12 10:23:46,2025-06-12 10:23:46.343442,SELL,56536.2,56525.0,236.0,1.0
2025-06-12 10:23:46,2025-06-12 10:23:46.589778,SELL,56536.2,56525.0,236.0,1.0
2025-06-12 10:23:46,2025-06-12 10:23:46.837709,SELL,56536.2,56525.0,236.0,1.0
2025-06-12 10:23:46,2025-06-12 10:23:47.098691,SELL,56536.2,56525.0,236.0,1.0
2025-06-12 10:23:47,2025-06-12 10:23:47.354123,SELL,56536.2,56525.0,236.0,1.0
2025-06-12 10:23:47,2025-06-12 10:23:47.607567,SELL,56536.2,56525.0,236.0,1.0
2025-06-12 10:23:47,2025-06-12 10:23:47.848031,SELL,56536.2,56525.0,236.0,1.0
2025-06-12 10:23:47,2025-06-12 10:23:48.090109,SELL,56536.2,56525.0,236.0,1.0
2025-06-12 10:23:48,2025-06-12 10:23:48.326596,SELL,56536.2,56525.0,236.0,1.0
2025-06-12 10:23:48,2025-06-12 10:23:48.565267,SELL,56536.2,56525.0,236.0,1.0
2025-06-12 10:23:48,2025-06-12 10:23:48.823397,SELL,56536.2,56525.0,236.0,1.0
2025-06-12 10:23:48,2025-06-12 10:23:49.077738,SELL,56536.2,56525.0,236.0,1.0
2025-06-12 10:23:49,2025-06-12 10:23:49.358508,SELL,56536.2,56525.0,236.0,1.0
2025-06-12 10:23:49,2025-06-12 10:23:49.634870,SELL,56536.2,56525.0,236.0,1.0
2025-06-12 10:23:49,2025-06-12 10:23:49.910560,SELL,56536.2,56525.0,236.0,1.0
2025-06-12 10:23:50,2025-06-12 10:23:50.159281,SELL,56536.2,56525.0,236.0,1.0
2025-06-12 10:23:50,2025-06-12 10:23:50.390991,SELL,56536.2,56525.0,236.0,1.0
2025-06-12 10:23:50,2025-06-12 10:23:50.636255,SELL,56536.2,56525.0,236.0,1.0
2025-06-12 10:23:50,2025-06-12 10:23:50.873617,SELL,56536.2,56525.0,236.0,1.0
2025-06-12 10:23:50,2025-06-12 10:23:51.103195,SELL,56536.2,56525.0,236.0,1.0
2025-06-12 10:23:51,2025-06-12 10:23:51.352239,SELL,56536.2,56525.0,236.0,1.0
2025-06-12 10:23:51,2025-06-12 10:23:51.606602,SELL,56536.2,56525.0,236.0,1.0
2025-06-12 10:23:51,2025-06-12 10:23:51.854462,SELL,56536.2,56525.0,236.0,1.0
2025-06-12 10:23:51,2025-06-12 10:23:52.111116,SELL,56536.2,56525.0,236.0,1.0
2025-06-12 10:23:52,2025-06-12 10:23:52.358295,SELL,56536.2,56525.0,236.0,1.0
2025-06-12 10:23:52,2025-06-12 10:23:52.608792,SELL,56536.2,56525.0,236.0,1.0
2025-06-12 10:23:52,2025-06-12 10:23:52.840017,SELL,56536.2,56525.0,236.0,1.0
2025-06-12 10:23:52,2025-06-12 10:23:53.080552,SELL,56536.2,56525.0,236.0,1.0
2025-06-12 10:23:53,2025-06-12 10:23:53.344560,SELL,56536.2,56525.0,236.0,1.0
2025-06-12 10:23:53,2025-06-12 10:23:53.576292,SELL,56536.2,56525.0,236.0,1.0
2025-06-12 10:23:53,2025-06-12 10:23:53.806981,SELL,56536.2,56525.0,236.0,1.0
2025-06-12 10:23:53,2025-06-12 10:23:54.039178,SELL,56536.2,56525.0,236.0,1.0
2025-06-12 10:23:54,2025-06-12 10:23:54.284632,SELL,56536.2,56525.0,236.0,1.0
2025-06-12 10:23:54,2025-06-12 10:23:54.565475,SELL,56536.2,56525.0,236.0,1.0
2025-06-12 10:23:54,2025-06-12 10:23:54.811471,SELL,56536.2,56525.0,236.0,1.0
2025-06-12 10:23:54,2025-06-12 10:23:55.060904,SELL,56536.2,56525.0,236.0,1.0
2025-06-12 10:23:55,2025-06-12 10:23:55.326986,SELL,56536.2,56525.0,236.0,1.0
2025-06-12 10:23:55,2025-06-12 10:23:55.604874,SELL,56536.2,56525.0,236.0,1.0
2025-06-12 10:23:55,2025-06-12 10:23:55.849710,SELL,56536.2,56525.0,236.0,1.0
2025-06-12 10:23:55,2025-06-12 10:23:56.097670,SELL,56536.2,56525.0,236.0,1.0
2025-06-12 10:23:56,2025-06-12 10:23:56.344579,SELL,56536.2,56525.0,236.0,1.0
2025-06-12 10:23:56,2025-06-12 10:23:56.587343,SELL,56536.2,56525.0,236.0,1.0
2025-06-12 10:23:56,2025-06-12 10:23:56.825863,SELL,56536.2,56525.0,236.0,1.0
2025-06-12 10:23:56,2025-06-12 10:23:57.058849,SELL,56536.2,56525.0,236.0,1.0
2025-06-12 10:23:57,2025-06-12 10:23:57.287437,SELL,56536.2,56525.0,236.0,1.0
2025-06-12 10:23:57,2025-06-12 10:23:57.515042,SELL,56536.2,56525.0,236.0,1.0
2025-06-12 10:23:57,2025-06-12 10:23:57.759697,SELL,56536.2,56525.0,236.0,1.0
2025-06-12 10:23:57,2025-06-12 10:23:57.995886,SELL,56536.2,56525.0,236.0,1.0
2025-06-12 10:23:58,2025-06-12 10:23:58.264768,SELL,56536.2,56525.0,236.0,1.0
2025-06-12 10:23:58,2025-06-12 10:23:58.506553,SELL,56536.2,56525.0,236.0,1.0
2025-06-12 10:23:58,2025-06-12 10:23:58.762081,SELL,56536.2,56525.0,236.0,1.0
2025-06-12 10:23:58,2025-06-12 10:23:59.008858,SELL,56536.2,56525.0,236.0,1.0
2025-06-12 10:23:59,2025-06-12 10:23:59.252518,SELL,56536.2,56525.0,236.0,1.0
2025-06-12 10:23:59,2025-06-12 10:23:59.493240,SELL,56536.2,56534.8,-58.0,1.0
2025-06-12 10:23:59,2025-06-12 10:23:59.743007,SELL,56536.2,56534.8,-58.0,1.0
2025-06-12 10:23:59,2025-06-12 10:24:00.025417,SELL,56536.2,56534.8,-58.0,1.0
2025-06-12 10:24:00,2025-06-12 10:24:00.340204,SELL,56536.2,56534.8,-58.0,1.0
2025-06-12 10:24:00,2025-06-12 10:24:00.589631,SELL,56536.2,56534.8,-58.0,1.0
2025-06-12 10:24:00,2025-06-12 10:24:00.830204,SELL,56536.2,56534.8,-58.0,1.0
2025-06-12 10:24:00,2025-06-12 10:24:01.097083,SELL,56536.2,56534.8,-58.0,1.0
2025-06-12 10:24:01,2025-06-12 10:24:01.363294,SELL,56536.2,56534.8,-58.0,1.0
2025-06-12 10:24:01,2025-06-12 10:24:01.650631,SELL,56536.2,56534.8,-58.0,1.0
2025-06-12 10:24:01,2025-06-12 10:24:01.902379,SELL,56536.2,56534.8,-58.0,1.0
2025-06-12 10:24:02,2025-06-12 10:24:02.139085,SELL,56536.2,56534.8,-58.0,1.0
2025-06-12 10:24:02,2025-06-12 10:24:02.374533,SELL,56536.2,56534.8,-58.0,1.0
2025-06-12 10:24:02,2025-06-12 10:24:02.668824,SELL,56536.2,56534.8,-58.0,1.0
2025-06-12 10:24:02,2025-06-12 10:24:02.927572,SELL,56536.2,56534.8,-58.0,1.0
2025-06-12 10:24:03,2025-06-12 10:24:03.188125,SELL,56536.2,56534.8,-58.0,1.0
2025-06-12 10:24:03,2025-06-12 10:24:03.444314,SELL,56536.2,56534.8,-58.0,1.0
2025-06-12 10:24:03,2025-06-12 10:24:03.684142,SELL,56536.2,56534.8,-58.0,1.0
2025-06-12 10:24:03,2025-06-12 10:24:03.962504,SELL,56536.2,56534.2,-40.0,1.0
2025-06-12 10:24:04,2025-06-12 10:24:04.241652,SELL,56536.2,56534.2,-40.0,1.0
2025-06-12 10:24:04,2025-06-12 10:24:04.504446,SELL,56536.2,56534.2,-40.0,1.0
2025-06-12 10:24:04,2025-06-12 10:24:04.747776,SELL,56536.2,56534.2,-40.0,1.0
2025-06-12 10:24:04,2025-06-12 10:24:05.003214,SELL,56536.2,56534.2,-40.0,1.0
2025-06-12 10:24:05,2025-06-12 10:24:05.274779,SELL,56536.2,56534.2,-40.0,1.0
2025-06-12 10:24:05,2025-06-12 10:24:05.526452,SELL,56536.2,56534.2,-40.0,1.0
2025-06-12 10:24:05,2025-06-12 10:24:05.776128,SELL,56536.2,56534.2,-40.0,1.0
2025-06-12 10:24:05,2025-06-12 10:24:06.038629,SELL,56536.2,56534.2,-40.0,1.0
2025-06-12 10:24:06,2025-06-12 10:24:06.299304,SELL,56536.2,56534.2,-40.0,1.0
2025-06-12 10:24:06,2025-06-12 10:24:06.544036,SELL,56536.2,56534.2,-40.0,1.0
2025-06-12 10:24:06,2025-06-12 10:24:06.811473,SELL,56536.2,56534.2,-40.0,1.0
2025-06-12 10:24:06,2025-06-12 10:24:07.082720,SELL,56536.2,56534.2,-40.0,1.0
2025-06-12 10:24:07,2025-06-12 10:24:07.376012,SELL,56536.2,56534.2,-40.0,1.0
2025-06-12 10:24:07,2025-06-12 10:24:07.635235,SELL,56536.2,56534.2,-40.0,1.0
2025-06-12 10:24:07,2025-06-12 10:24:07.930060,SELL,56536.2,56534.2,-40.0,1.0
2025-06-12 10:24:08,2025-06-12 10:24:08.219308,SELL,56536.2,56534.2,-40.0,1.0
2025-06-12 10:24:08,2025-06-12 10:24:08.542638,SELL,56536.2,56534.2,-40.0,1.0
2025-06-12 10:24:08,2025-06-12 10:24:08.797351,SELL,56536.2,56526.0,206.0,1.0
2025-06-12 10:24:08,2025-06-12 10:24:09.052529,SELL,56536.2,56526.0,206.0,1.0
2025-06-12 10:24:09,2025-06-12 10:24:09.297448,SELL,56536.2,56526.0,206.0,1.0
2025-06-12 10:24:09,2025-06-12 10:24:09.544173,SELL,56536.2,56526.0,206.0,1.0
2025-06-12 10:24:09,2025-06-12 10:24:09.783371,SELL,56536.2,56526.0,206.0,1.0
2025-06-12 10:24:09,2025-06-12 10:24:10.059915,SELL,56536.2,56526.0,206.0,1.0
2025-06-12 10:24:10,2025-06-12 10:24:10.308870,SELL,56536.2,56526.0,206.0,1.0
2025-06-12 10:24:10,2025-06-12 10:24:10.558998,SELL,56536.2,56526.0,206.0,1.0
2025-06-12 10:24:10,2025-06-12 10:24:10.812228,SELL,56536.2,56526.0,206.0,1.0
2025-06-12 10:24:10,2025-06-12 10:24:11.076986,SELL,56536.2,56526.0,206.0,1.0
2025-06-12 10:24:11,2025-06-12 10:24:11.333565,SELL,56536.2,56526.0,206.0,1.0
2025-06-12 10:24:11,2025-06-12 10:24:11.596630,SELL,56536.2,56526.0,206.0,1.0
2025-06-12 10:24:11,2025-06-12 10:24:11.882375,SELL,56536.2,56526.0,206.0,1.0
2025-06-12 10:24:11,2025-06-12 10:24:12.180283,SELL,56536.2,56526.0,206.0,1.0
2025-06-12 10:24:12,2025-06-12 10:24:12.427564,SELL,56536.2,56526.0,206.0,1.0
2025-06-12 10:24:12,2025-06-12 10:24:12.691099,SELL,56536.2,56526.0,206.0,1.0
2025-06-12 10:24:12,2025-06-12 10:24:12.963417,SELL,56536.2,56526.0,206.0,1.0
2025-06-12 10:24:13,2025-06-12 10:24:13.215089,SELL,56536.2,56526.0,206.0,1.0
2025-06-12 10:24:13,2025-06-12 10:24:13.471576,SELL,56536.2,56526.0,206.0,1.0
2025-06-12 10:24:13,2025-06-12 10:24:13.728192,SELL,56536.2,56526.0,206.0,1.0
2025-06-12 10:24:13,2025-06-12 10:24:13.985460,SELL,56536.2,56526.0,206.0,1.0
2025-06-12 10:24:14,2025-06-12 10:24:14.265834,SELL,56536.2,56526.0,206.0,1.0
2025-06-12 10:24:14,2025-06-12 10:24:14.509920,SELL,56536.2,56529.8,92.0,1.0
2025-06-12 10:24:14,2025-06-12 10:24:14.756097,SELL,56536.2,56529.8,92.0,1.0
2025-06-12 10:24:14,2025-06-12 10:24:15.015603,SELL,56536.2,56529.8,92.0,1.0
2025-06-12 10:24:15,2025-06-12 10:24:15.261921,SELL,56536.2,56529.8,92.0,1.0
2025-06-12 10:24:15,2025-06-12 10:24:15.506215,SELL,56536.2,56529.8,92.0,1.0
2025-06-12 10:24:15,2025-06-12 10:24:15.744932,SELL,56536.2,56529.8,92.0,1.0
2025-06-12 10:24:15,2025-06-12 10:24:15.996579,SELL,56536.2,56529.8,92.0,1.0
2025-06-12 10:24:16,2025-06-12 10:24:16.258073,SELL,56536.2,56529.8,92.0,1.0
2025-06-12 10:24:16,2025-06-12 10:24:16.491135,SELL,56536.2,56529.8,92.0,1.0
2025-06-12 10:24:16,2025-06-12 10:24:16.715306,SELL,56536.2,56529.8,92.0,1.0
2025-06-12 10:24:16,2025-06-12 10:24:16.972658,SELL,56536.2,56529.8,92.0,1.0
2025-06-12 10:24:17,2025-06-12 10:24:17.225549,SELL,56536.2,56529.8,92.0,1.0
2025-06-12 10:24:17,2025-06-12 10:24:17.472644,SELL,56536.2,56529.8,92.0,1.0
2025-06-12 10:24:17,2025-06-12 10:24:17.713497,SELL,56536.2,56529.8,92.0,1.0
2025-06-12 10:24:17,2025-06-12 10:24:17.952031,SELL,56536.2,56529.8,92.0,1.0
2025-06-12 10:24:18,2025-06-12 10:24:18.219003,SELL,56536.2,56529.8,92.0,1.0
2025-06-12 10:24:18,2025-06-12 10:24:18.465846,SELL,56536.2,56529.8,92.0,1.0
2025-06-12 10:24:18,2025-06-12 10:24:18.699416,SELL,56536.2,56529.8,92.0,1.0
2025-06-12 10:24:18,2025-06-12 10:24:18.947574,SELL,56536.2,56550.0,-514.0,1.0
2025-06-12 10:24:19,2025-06-12 10:24:19.194970,SELL,56536.2,56550.0,-514.0,1.0
2025-06-12 10:24:19,2025-06-12 10:24:19.433516,SELL,56536.2,56550.0,-514.0,1.0
2025-06-12 10:24:19,2025-06-12 10:24:19.707055,SELL,56536.2,56550.0,-514.0,1.0
2025-06-12 10:24:19,2025-06-12 10:24:19.963249,SELL,56536.2,56550.0,-514.0,1.0
2025-06-12 10:24:20,2025-06-12 10:24:20.210010,SELL,56536.2,56550.0,-514.0,1.0
2025-06-12 10:24:20,2025-06-12 10:24:20.460592,SELL,56536.2,56550.0,-514.0,1.0
2025-06-12 10:24:20,2025-06-12 10:24:20.722208,SELL,56536.2,56550.0,-514.0,1.0
2025-06-12 10:24:20,2025-06-12 10:24:20.976839,SELL,56536.2,56550.0,-514.0,1.0
2025-06-12 10:24:21,2025-06-12 10:24:21.210530,SELL,56536.2,56550.0,-514.0,1.0
2025-06-12 10:24:21,2025-06-12 10:24:21.489065,SELL,56536.2,56550.0,-514.0,1.0
2025-06-12 10:24:21,2025-06-12 10:24:21.748186,SELL,56536.2,56550.0,-514.0,1.0
2025-06-12 10:24:21,2025-06-12 10:24:22.037566,SELL,56536.2,56550.0,-514.0,1.0
2025-06-12 10:24:22,2025-06-12 10:24:22.291485,SELL,56536.2,56550.0,-514.0,1.0
2025-06-12 10:24:22,2025-06-12 10:24:22.539625,SELL,56536.2,56550.0,-514.0,1.0
2025-06-12 10:24:22,2025-06-12 10:24:22.785348,SELL,56536.2,56550.0,-514.0,1.0
2025-06-12 10:24:22,2025-06-12 10:24:23.030345,SELL,56536.2,56550.0,-514.0,1.0
2025-06-12 10:24:23,2025-06-12 10:24:23.286482,SELL,56536.2,56550.0,-514.0,1.0
2025-06-12 10:24:23,2025-06-12 10:24:23.544015,SELL,56536.2,56550.0,-514.0,1.0
2025-06-12 10:24:23,2025-06-12 10:24:23.793816,SELL,56536.2,56550.0,-514.0,1.0
2025-06-12 10:24:23,2025-06-12 10:24:24.048816,SELL,56536.2,56548.4,-466.0,1.0
2025-06-12 10:24:24,2025-06-12 10:24:24.303200,SELL,56536.2,56548.4,-466.0,1.0
2025-06-12 10:24:24,2025-06-12 10:24:24.549015,SELL,56536.2,56548.4,-466.0,1.0
2025-06-12 10:24:24,2025-06-12 10:24:24.795612,SELL,56536.2,56548.4,-466.0,1.0
2025-06-12 10:24:24,2025-06-12 10:24:25.037114,SELL,56536.2,56548.4,-466.0,1.0
2025-06-12 10:24:25,2025-06-12 10:24:25.296566,SELL,56536.2,56548.4,-466.0,1.0
2025-06-12 10:24:25,2025-06-12 10:24:25.547028,SELL,56536.2,56548.4,-466.0,1.0
2025-06-12 10:24:25,2025-06-12 10:24:25.792571,SELL,56536.2,56548.4,-466.0,1.0
2025-06-12 10:24:25,2025-06-12 10:24:26.043419,SELL,56536.2,56548.4,-466.0,1.0
2025-06-12 10:24:26,2025-06-12 10:24:26.283192,SELL,56536.2,56548.4,-466.0,1.0
2025-06-12 10:24:26,2025-06-12 10:24:26.535098,SELL,56536.2,56548.4,-466.0,1.0
2025-06-12 10:24:26,2025-06-12 10:24:26.777989,SELL,56536.2,56548.4,-466.0,1.0
2025-06-12 10:24:26,2025-06-12 10:24:27.015949,SELL,56536.2,56548.4,-466.0,1.0
2025-06-12 10:24:27,2025-06-12 10:24:27.263252,SELL,56536.2,56548.4,-466.0,1.0
2025-06-12 10:24:27,2025-06-12 10:24:27.517457,SELL,56536.2,56548.4,-466.0,1.0
2025-06-12 10:24:27,2025-06-12 10:24:27.764266,SELL,56536.2,56548.4,-466.0,1.0
2025-06-12 10:24:27,2025-06-12 10:24:28.019222,SELL,56536.2,56548.4,-466.0,1.0
2025-06-12 10:24:28,2025-06-12 10:24:28.272045,SELL,56536.2,56548.4,-466.0,1.0
2025-06-12 10:24:28,2025-06-12 10:24:28.532341,SELL,56536.2,56548.4,-466.0,1.0
2025-06-12 10:24:28,2025-06-12 10:24:28.772583,SELL,56536.2,56550.0,-514.0,1.0
2025-06-12 10:24:28,2025-06-12 10:24:29.028978,SELL,56536.2,56550.0,-514.0,1.0
2025-06-12 10:24:29,2025-06-12 10:24:29.272905,SELL,56536.2,56542.2,-280.0,1.0
2025-06-12 10:24:29,2025-06-12 10:24:29.507957,SELL,56536.2,56542.2,-280.0,1.0
2025-06-12 10:24:29,2025-06-12 10:24:29.747220,SELL,56536.2,56542.2,-280.0,1.0
2025-06-12 10:24:29,2025-06-12 10:24:30.001281,SELL,56536.2,56542.2,-280.0,1.0
2025-06-12 10:24:30,2025-06-12 10:24:30.262791,SELL,56536.2,56542.2,-280.0,1.0
2025-06-12 10:24:30,2025-06-12 10:24:30.503622,SELL,56536.2,56542.2,-280.0,1.0
2025-06-12 10:24:30,2025-06-12 10:24:30.773179,SELL,56536.2,56542.2,-280.0,1.0
2025-06-12 10:24:30,2025-06-12 10:24:31.014763,SELL,56536.2,56542.2,-280.0,1.0
2025-06-12 10:24:31,2025-06-12 10:24:31.283749,SELL,56536.2,56542.2,-280.0,1.0
2025-06-12 10:24:31,2025-06-12 10:24:31.521521,SELL,56536.2,56542.2,-280.0,1.0
2025-06-12 10:24:31,2025-06-12 10:24:31.774894,SELL,56536.2,56542.2,-280.0,1.0
2025-06-12 10:24:31,2025-06-12 10:24:32.047318,SELL,56536.2,56542.2,-280.0,1.0
2025-06-12 10:24:32,2025-06-12 10:24:32.299029,SELL,56536.2,56542.2,-280.0,1.0
2025-06-12 10:24:32,2025-06-12 10:24:32.556758,SELL,56536.2,56542.2,-280.0,1.0
2025-06-12 10:24:32,2025-06-12 10:24:32.824877,SELL,56536.2,56542.2,-280.0,1.0
2025-06-12 10:24:32,2025-06-12 10:24:33.069471,SELL,56536.2,56542.2,-280.0,1.0
2025-06-12 10:24:33,2025-06-12 10:24:33.347365,SELL,56536.2,56542.2,-280.0,1.0
2025-06-12 10:24:33,2025-06-12 10:24:33.601624,SELL,56536.2,56550.0,-514.0,1.0
2025-06-12 10:24:33,2025-06-12 10:24:33.846466,SELL,56536.2,56550.0,-514.0,1.0
2025-06-12 10:24:33,2025-06-12 10:24:34.094818,SELL,56536.2,56550.0,-514.0,1.0
2025-06-12 10:24:34,2025-06-12 10:24:34.379464,SELL,56536.2,56550.0,-514.0,1.0
2025-06-12 10:24:34,2025-06-12 10:24:34.652270,SELL,56536.2,56550.0,-514.0,1.0
2025-06-12 10:24:34,2025-06-12 10:24:34.892369,SELL,56536.2,56550.0,-514.0,1.0
2025-06-12 10:24:35,2025-06-12 10:24:35.137297,SELL,56536.2,56550.0,-514.0,1.0
2025-06-12 10:24:35,2025-06-12 10:24:35.397023,SELL,56536.2,56550.0,-514.0,1.0
2025-06-12 10:24:35,2025-06-12 10:24:35.652689,SELL,56536.2,56550.0,-514.0,1.0
2025-06-12 10:24:35,2025-06-12 10:24:35.887985,SELL,56536.2,56550.0,-514.0,1.0
2025-06-12 10:24:35,2025-06-12 10:24:36.131386,SELL,56536.2,56550.0,-514.0,1.0
2025-06-12 10:24:36,2025-06-12 10:24:36.367175,SELL,56536.2,56550.0,-514.0,1.0
2025-06-12 10:24:36,2025-06-12 10:24:36.610875,SELL,56536.2,56550.0,-514.0,1.0
2025-06-12 10:24:36,2025-06-12 10:24:36.919914,SELL,56536.2,56550.0,-514.0,1.0
2025-06-12 10:24:37,2025-06-12 10:24:37.163750,SELL,56536.2,56550.0,-514.0,1.0
2025-06-12 10:24:37,2025-06-12 10:24:37.421237,SELL,56536.2,56550.0,-514.0,1.0
2025-06-12 10:24:37,2025-06-12 10:24:37.672903,SELL,56536.2,56550.0,-514.0,1.0
2025-06-12 10:24:37,2025-06-12 10:24:37.946403,SELL,56536.2,56550.0,-514.0,1.0
2025-06-12 10:24:38,2025-06-12 10:24:38.208892,SELL,56536.2,56559.6,-802.0,1.0
2025-06-12 10:24:38,2025-06-12 10:24:38.446115,SELL,56536.2,56559.6,-802.0,1.0
2025-06-12 10:24:38,2025-06-12 10:24:38.682979,SELL,56536.2,56559.6,-802.0,1.0
2025-06-12 10:24:38,2025-06-12 10:24:38.934784,SELL,56536.2,56559.6,-802.0,1.0
2025-06-12 10:24:39,2025-06-12 10:24:39.172775,SELL,56536.2,56559.6,-802.0,1.0
2025-06-12 10:24:39,2025-06-12 10:24:39.417483,SELL,56536.2,56559.6,-802.0,1.0
2025-06-12 10:24:39,2025-06-12 10:24:39.652894,SELL,56536.2,56559.6,-802.0,1.0
2025-06-12 10:24:39,2025-06-12 10:24:39.897377,SELL,56536.2,56559.6,-802.0,1.0
2025-06-12 10:24:40,2025-06-12 10:24:40.175712,SELL,56536.2,56559.6,-802.0,1.0
2025-06-12 10:24:40,2025-06-12 10:24:40.423130,SELL,56536.2,56559.6,-802.0,1.0
2025-06-12 10:24:40,2025-06-12 10:24:40.659933,SELL,56536.2,56559.6,-802.0,1.0
2025-06-12 10:24:40,2025-06-12 10:24:40.939843,SELL,56536.2,56559.6,-802.0,1.0
2025-06-12 10:24:41,2025-06-12 10:24:41.209170,SELL,56536.2,56559.6,-802.0,1.0
2025-06-12 10:24:41,2025-06-12 10:24:41.441766,SELL,56536.2,56559.6,-802.0,1.0
2025-06-12 10:24:41,2025-06-12 10:24:41.682554,SELL,56536.2,56559.6,-802.0,1.0
2025-06-12 10:24:41,2025-06-12 10:24:41.928872,SELL,56536.2,56559.6,-802.0,1.0
2025-06-12 10:24:42,2025-06-12 10:24:42.192516,SELL,56536.2,56559.6,-802.0,1.0
2025-06-12 10:24:42,2025-06-12 10:24:42.437133,SELL,56536.2,56559.6,-802.0,1.0
2025-06-12 10:24:42,2025-06-12 10:24:42.693160,SELL,56536.2,56559.6,-802.0,1.0
2025-06-12 10:24:42,2025-06-12 10:24:42.943549,SELL,56536.2,56559.6,-802.0,1.0
2025-06-12 10:24:43,2025-06-12 10:24:43.210671,SELL,56536.2,56559.6,-802.0,1.0
2025-06-12 10:24:43,2025-06-12 10:24:43.522117,SELL,56536.2,56559.6,-802.0,1.0
2025-06-12 10:24:43,2025-06-12 10:24:43.782064,SELL,56536.2,56560.0,-814.0,1.0
2025-06-12 10:24:43,2025-06-12 10:24:44.049400,SELL,56536.2,56560.0,-814.0,1.0
2025-06-12 10:24:44,2025-06-12 10:24:44.303392,SELL,56536.2,56560.0,-814.0,1.0
2025-06-12 10:24:44,2025-06-12 10:24:44.562783,SELL,56536.2,56560.0,-814.0,1.0
2025-06-12 10:24:44,2025-06-12 10:24:44.817335,SELL,56536.2,56560.0,-814.0,1.0
2025-06-12 10:24:44,2025-06-12 10:24:45.081280,SELL,56536.2,56560.0,-814.0,1.0
2025-06-12 10:24:45,2025-06-12 10:24:45.323593,SELL,56536.2,56560.0,-814.0,1.0
2025-06-12 10:24:45,2025-06-12 10:24:45.548897,SELL,56536.2,56560.0,-814.0,1.0
2025-06-12 10:24:45,2025-06-12 10:24:45.781986,SELL,56536.2,56560.0,-814.0,1.0
2025-06-12 10:24:45,2025-06-12 10:24:46.020923,SELL,56536.2,56560.0,-814.0,1.0
2025-06-12 10:24:46,2025-06-12 10:24:46.254652,SELL,56536.2,56560.0,-814.0,1.0
2025-06-12 10:24:46,2025-06-12 10:24:46.489565,SELL,56536.2,56560.0,-814.0,1.0
2025-06-12 10:24:46,2025-06-12 10:24:46.729464,SELL,56536.2,56560.0,-814.0,1.0
2025-06-12 10:24:46,2025-06-12 10:24:47.040007,SELL,56536.2,56560.0,-814.0,1.0
2025-06-12 10:24:47,2025-06-12 10:24:47.284091,SELL,56536.2,56560.0,-814.0,1.0
2025-06-12 10:24:47,2025-06-12 10:24:47.543014,SELL,56536.2,56560.0,-814.0,1.0
2025-06-12 10:24:47,2025-06-12 10:24:47.783142,SELL,56536.2,56560.0,-814.0,1.0
2025-06-12 10:24:47,2025-06-12 10:24:48.037947,SELL,56536.2,56560.0,-814.0,1.0
2025-06-12 10:24:48,2025-06-12 10:24:48.314660,SELL,56536.2,56560.0,-814.0,1.0
2025-06-12 10:24:48,2025-06-12 10:24:48.574466,SELL,56536.2,56569.8,-1108.0,1.0
2025-06-12 10:24:48,2025-06-12 10:24:48.806664,SELL,56536.2,56565.0,-964.0,1.0
2025-06-12 10:24:48,2025-06-12 10:24:49.040872,SELL,56536.2,56565.0,-964.0,1.0
2025-06-12 10:24:49,2025-06-12 10:24:49.290984,SELL,56536.2,56565.0,-964.0,1.0
2025-06-12 10:24:49,2025-06-12 10:24:49.536856,SELL,56536.2,56565.0,-964.0,1.0
2025-06-12 10:24:49,2025-06-12 10:24:49.779665,SELL,56536.2,56565.0,-964.0,1.0
2025-06-12 10:24:49,2025-06-12 10:24:50.027397,SELL,56536.2,56565.0,-964.0,1.0
2025-06-12 10:24:50,2025-06-12 10:24:50.278276,SELL,56536.2,56565.0,-964.0,1.0
2025-06-12 10:24:50,2025-06-12 10:24:50.517801,SELL,56536.2,56565.0,-964.0,1.0
2025-06-12 10:24:50,2025-06-12 10:24:50.763104,SELL,56536.2,56565.0,-964.0,1.0
2025-06-12 10:24:50,2025-06-12 10:24:51.015232,SELL,56536.2,56565.0,-964.0,1.0
2025-06-12 10:24:51,2025-06-12 10:24:51.277661,SELL,56536.2,56565.0,-964.0,1.0
2025-06-12 10:24:51,2025-06-12 10:24:51.509331,SELL,56536.2,56565.0,-964.0,1.0
2025-06-12 10:24:51,2025-06-12 10:24:51.754804,SELL,56536.2,56565.0,-964.0,1.0
2025-06-12 10:24:51,2025-06-12 10:24:51.996861,SELL,56536.2,56565.0,-964.0,1.0
2025-06-12 10:24:52,2025-06-12 10:24:52.234218,SELL,56536.2,56565.0,-964.0,1.0
2025-06-12 10:24:52,2025-06-12 10:24:52.467047,SELL,56536.2,56565.0,-964.0,1.0
2025-06-12 10:24:52,2025-06-12 10:24:52.702130,SELL,56536.2,56565.0,-964.0,1.0
2025-06-12 10:24:52,2025-06-12 10:24:52.929127,SELL,56536.2,56565.0,-964.0,1.0
2025-06-12 10:24:53,2025-06-12 10:24:53.174756,SELL,56536.2,56565.0,-964.0,1.0
2025-06-12 10:24:53,2025-06-12 10:24:53.413871,SELL,56536.2,56565.0,-964.0,1.0
2025-06-12 10:24:53,2025-06-12 10:24:53.691814,SELL,56536.2,56565.0,-964.0,1.0
2025-06-12 10:24:53,2025-06-12 10:24:53.943774,SELL,56536.2,56565.0,-964.0,1.0
2025-06-12 10:24:54,2025-06-12 10:24:54.211923,SELL,56536.2,56565.0,-964.0,1.0
2025-06-12 10:24:54,2025-06-12 10:24:54.456214,SELL,56536.2,56564.6,-952.0,1.0
2025-06-12 10:24:54,2025-06-12 10:24:54.724229,SELL,56536.2,56564.6,-952.0,1.0
2025-06-12 10:24:54,2025-06-12 10:24:54.965953,SELL,56536.2,56564.6,-952.0,1.0
2025-06-12 10:24:55,2025-06-12 10:24:55.204752,SELL,56536.2,56564.6,-952.0,1.0
2025-06-12 10:24:55,2025-06-12 10:24:55.446420,SELL,56536.2,56564.6,-952.0,1.0
2025-06-12 10:24:55,2025-06-12 10:24:55.701389,SELL,56536.2,56564.6,-952.0,1.0
2025-06-12 10:24:55,2025-06-12 10:24:55.947926,SELL,56536.2,56564.6,-952.0,1.0
2025-06-12 10:24:56,2025-06-12 10:24:56.195085,SELL,56536.2,56564.6,-952.0,1.0
2025-06-12 10:24:56,2025-06-12 10:24:56.465471,SELL,56536.2,56564.6,-952.0,1.0
2025-06-12 10:24:56,2025-06-12 10:24:56.703261,SELL,56536.2,56564.6,-952.0,1.0
2025-06-12 10:24:56,2025-06-12 10:24:56.954835,SELL,56536.2,56564.6,-952.0,1.0
2025-06-12 10:24:57,2025-06-12 10:24:57.189038,SELL,56536.2,56564.6,-952.0,1.0
2025-06-12 10:24:57,2025-06-12 10:24:57.442358,SELL,56536.2,56564.6,-952.0,1.0
2025-06-12 10:24:57,2025-06-12 10:24:57.689948,SELL,56536.2,56564.6,-952.0,1.0
2025-06-12 10:24:57,2025-06-12 10:24:57.917042,SELL,56536.2,56564.6,-952.0,1.0
2025-06-12 10:24:58,2025-06-12 10:24:58.160857,SELL,56536.2,56564.6,-952.0,1.0
2025-06-12 10:24:58,2025-06-12 10:24:58.397893,SELL,56536.2,56564.6,-952.0,1.0
2025-06-12 10:24:58,2025-06-12 10:24:58.683751,SELL,56536.2,56564.6,-952.0,1.0
2025-06-12 10:24:58,2025-06-12 10:24:58.967202,SELL,56536.2,56564.6,-952.0,1.0
2025-06-12 10:24:59,2025-06-12 10:24:59.209574,SELL,56536.2,56571.8,-1168.0,1.0
2025-06-12 10:24:59,2025-06-12 10:24:59.449249,SELL,56536.2,56571.8,-1168.0,1.0
2025-06-12 10:24:59,2025-06-12 10:24:59.684435,SELL,56536.2,56571.8,-1168.0,1.0
2025-06-12 10:24:59,2025-06-12 10:24:59.922700,SELL,56536.2,56571.8,-1168.0,1.0
2025-06-12 10:25:00,2025-06-12 10:25:00.201143,SELL,56536.2,56571.8,-1168.0,1.0
2025-06-12 10:25:00,2025-06-12 10:25:00.450487,SELL,56536.2,56571.8,-1168.0,1.0
2025-06-12 10:25:00,2025-06-12 10:25:00.686914,SELL,56536.2,56571.8,-1168.0,1.0
2025-06-12 10:25:00,2025-06-12 10:25:00.926879,SELL,56536.2,56571.8,-1168.0,1.0
2025-06-12 10:25:01,2025-06-12 10:25:01.170613,SELL,56536.2,56571.8,-1168.0,1.0
2025-06-12 10:25:01,2025-06-12 10:25:01.426891,SELL,56536.2,56571.8,-1168.0,1.0
2025-06-12 10:25:01,2025-06-12 10:25:01.736118,SELL,56536.2,56571.8,-1168.0,1.0
2025-06-12 10:25:01,2025-06-12 10:25:01.988493,SELL,56536.2,56571.8,-1168.0,1.0
2025-06-12 10:25:02,2025-06-12 10:25:02.227686,SELL,56536.2,56571.8,-1168.0,1.0
2025-06-12 10:25:02,2025-06-12 10:25:02.487512,SELL,56536.2,56571.8,-1168.0,1.0
2025-06-12 10:25:02,2025-06-12 10:25:02.773360,SELL,56536.2,56571.8,-1168.0,1.0
2025-06-12 10:25:02,2025-06-12 10:25:03.030605,SELL,56536.2,56571.8,-1168.0,1.0
2025-06-12 10:25:03,2025-06-12 10:25:03.271609,SELL,56536.2,56571.8,-1168.0,1.0
2025-06-12 10:25:03,2025-06-12 10:25:03.572655,SELL,56536.2,56571.8,-1168.0,1.0
2025-06-12 10:25:03,2025-06-12 10:25:03.822180,SELL,56536.2,56561.0,-844.0,1.0
