date,open,high,low,close,volume
2025-06-06 09:15:00+05:30,55699.45,55768.1,55632.4,55762.7,0
2025-06-06 09:20:00+05:30,55762.9,55794.25,55724.5,55779,0
2025-06-06 09:25:00+05:30,55778.1,55790.8,55720.55,55733.75,0
2025-06-06 09:30:00+05:30,55732.95,55743.9,55690.95,55697.75,0
2025-06-06 09:35:00+05:30,55696.8,55701.15,55666.2,55670.55,0
2025-06-06 09:40:00+05:30,55670.55,55683.9,55622.7,55630.15,0
2025-06-06 09:45:00+05:30,55630.3,55677.45,55617.1,55674.35,0
2025-06-06 09:50:00+05:30,55673.5,55692.05,55638.85,55665,0
2025-06-06 09:55:00+05:30,55663.6,55695.95,55654.55,55692.15,0
2025-06-06 10:00:00+05:30,55693.45,55698.15,55559.55,55618.3,0
2025-06-06 10:05:00+05:30,55616.1,56002.25,55599.95,55857.7,0
2025-06-06 10:10:00+05:30,55855.9,55879,55640.35,55690.55,0
2025-06-06 10:15:00+05:30,55691.4,55696.45,55549.3,55594.35,0
2025-06-06 10:20:00+05:30,55594.6,55818.8,55534.75,55811.6,0
2025-06-06 10:25:00+05:30,55807.75,56069.05,55805.75,56069.05,0
2025-06-06 10:30:00+05:30,56059.75,56205,56050.05,56183.45,0
2025-06-06 10:35:00+05:30,56185.45,56341.1,56157.65,56328.4,0
2025-06-06 10:40:00+05:30,56321.4,56457.55,56319.9,56407.95,0
2025-06-06 10:45:00+05:30,56412.6,56515.8,56411.1,56479.45,0
2025-06-06 10:50:00+05:30,56480,56490.8,56346.7,56401.15,0
2025-06-06 10:55:00+05:30,56396.65,56438.45,56360.7,56429.95,0
2025-06-06 11:00:00+05:30,56430.8,56497.75,56423.55,56476.25,0
2025-06-06 11:05:00+05:30,56474.4,56568.9,56467.75,56568.9,0
2025-06-06 11:10:00+05:30,56566.6,56579.3,56498.15,56567.85,0
2025-06-06 11:15:00+05:30,56569.35,56597.45,56517.45,56543.95,0
2025-06-06 11:20:00+05:30,56543.1,56572.15,56478.6,56506.55,0
2025-06-06 11:25:00+05:30,56509.95,56543.3,56484.3,56488.55,0
2025-06-06 11:30:00+05:30,56489.5,56564,56485.6,56563.5,0
2025-06-06 11:35:00+05:30,56563.65,56593,56552.9,56575.55,0
2025-06-06 11:40:00+05:30,56574.55,56613.95,56570.9,56613.95,0
2025-06-06 11:45:00+05:30,56611.8,56624.4,56567.9,56586.85,0
2025-06-06 11:50:00+05:30,56588.15,56599.55,56567.3,56594,0
2025-06-06 11:55:00+05:30,56594.7,56628.6,56593.4,56623.85,0
2025-06-06 12:00:00+05:30,56627.3,56627.3,56573.65,56601.45,0
2025-06-06 12:05:00+05:30,56604.85,56649.8,56598.9,56631,0
2025-06-06 12:10:00+05:30,56631.1,56650.2,56589.4,56591.9,0
2025-06-06 12:15:00+05:30,56590.5,56609.4,56517.55,56528.75,0
2025-06-06 12:20:00+05:30,56528.6,56529.8,56454.85,56508.5,0
2025-06-06 12:25:00+05:30,56506.75,56562.7,56498.25,56549,0
2025-06-06 12:30:00+05:30,56547.35,56580.8,56540.25,56568,0
2025-06-06 12:35:00+05:30,56570.6,56589.15,56535.1,56541.8,0
2025-06-06 12:40:00+05:30,56543.4,56611.05,56501.7,56584.6,0
2025-06-06 12:45:00+05:30,56586.7,56627.3,56586.1,56588.45,0
2025-06-06 12:50:00+05:30,56591.1,56619.05,56574.35,56599,0
2025-06-06 12:55:00+05:30,56598.75,56625.9,56588.65,56599.5,0
2025-06-06 13:00:00+05:30,56601.6,56610.6,56576.95,56588.1,0
2025-06-06 13:05:00+05:30,56588.05,56603.2,56554.45,56555.9,0
2025-06-06 13:10:00+05:30,56557.9,56599.8,56553.95,56568.35,0
2025-06-06 13:15:00+05:30,56567.75,56592.35,56558.5,56562.1,0
2025-06-06 13:20:00+05:30,56564.6,56591.8,56554.2,56560.6,0
2025-06-06 13:25:00+05:30,56562.05,56562.05,56517.8,56536.7,0
2025-06-06 13:30:00+05:30,56532.65,56573.75,56495.95,56570.45,0
2025-06-06 13:35:00+05:30,56571.6,56618.85,56567.65,56614.35,0
2025-06-06 13:40:00+05:30,56613.55,56624.85,56585,56600,0
2025-06-06 13:45:00+05:30,56601.4,56626.1,56574.75,56579.9,0
2025-06-06 13:50:00+05:30,56578.5,56606.7,56569.4,56591.1,0
2025-06-06 13:55:00+05:30,56595.1,56609.25,56574.95,56606.95,0
2025-06-06 14:00:00+05:30,56605.25,56619.75,56583.25,56595.25,0
2025-06-06 14:05:00+05:30,56595.85,56597.95,56566.95,56569.15,0
2025-06-06 14:10:00+05:30,56566.3,56638.05,56556.45,56636.7,0
2025-06-06 14:15:00+05:30,56634.3,56671.6,56629.85,56650.3,0
2025-06-06 14:20:00+05:30,56651.05,56695,56636.85,56689.15,0
2025-06-06 14:25:00+05:30,56688.9,56690.8,56655.25,56667.15,0
2025-06-06 14:30:00+05:30,56667.25,56670.45,56604.3,56624.6,0
2025-06-06 14:35:00+05:30,56623.65,56628.95,56570.9,56591.5,0
2025-06-06 14:40:00+05:30,56590.9,56616.1,56585.75,56604.55,0
2025-06-06 14:45:00+05:30,56605.45,56635.35,56575.65,56633.8,0
2025-06-06 14:50:00+05:30,56630.65,56635.15,56574.2,56586.45,0
2025-06-06 14:55:00+05:30,56585.05,56618.15,56581.05,56595.5,0
2025-06-06 15:00:00+05:30,56599.25,56632.15,56571.45,56577.5,0
2025-06-06 15:05:00+05:30,56577.5,56611.5,56570.15,56600.3,0
2025-06-06 15:10:00+05:30,56600.3,56600.95,56548.1,56571.15,0
2025-06-06 15:15:00+05:30,56571.15,56588.55,56562.95,56573.2,0
2025-06-06 15:20:00+05:30,56573.2,56588.85,56556.65,56587.6,0
2025-06-06 15:25:00+05:30,56587.6,56594.05,56539.9,56584.8,0
2025-06-09 09:15:00+05:30,57049.5,57049.5,56835.75,56845.8,0
2025-06-09 09:20:00+05:30,56851.15,56882.75,56796.75,56803.8,0
2025-06-09 09:25:00+05:30,56805.2,56906.95,56793.1,56811.9,0
2025-06-09 09:30:00+05:30,56810.3,56865.05,56792.7,56853.95,0
2025-06-09 09:35:00+05:30,56857.05,56895.95,56850.7,56860.05,0
2025-06-09 09:40:00+05:30,56866.2,56936.95,56831.75,56923.15,0
2025-06-09 09:45:00+05:30,56922.9,56971.5,56901.2,56938.15,0
2025-06-09 09:50:00+05:30,56941.55,56950.7,56897.65,56920.55,0
2025-06-09 09:55:00+05:30,56918.6,56937.3,56887.75,56932.2,0
2025-06-09 10:00:00+05:30,56932.2,56972.4,56927.65,56960.25,0
2025-06-09 10:05:00+05:30,56962.4,56982,56942.3,56969.2,0
2025-06-09 10:10:00+05:30,56969.9,57002.4,56964.9,56996.35,0
2025-06-09 10:15:00+05:30,56991.25,57003.4,56960.6,56975.5,0
2025-06-09 10:20:00+05:30,56976.95,57008.2,56969.2,57003.55,0
2025-06-09 10:25:00+05:30,57003.6,57006.75,56942.85,56953.45,0
2025-06-09 10:30:00+05:30,56952.1,56984.2,56944.2,56963.35,0
2025-06-09 10:35:00+05:30,56961.2,56986.55,56944.95,56975.5,0
2025-06-09 10:40:00+05:30,56975.45,57011.05,56971.15,57004.95,0
2025-06-09 10:45:00+05:30,57004.95,57022.5,56992.6,57003.75,0
2025-06-09 10:50:00+05:30,57002.15,57032.55,57001,57017.6,0
2025-06-09 10:55:00+05:30,57016.25,57025.65,56989.2,56993.8,0
2025-06-09 11:00:00+05:30,56995.7,57031.7,56991.65,57020.4,0
2025-06-09 11:05:00+05:30,57021.85,57022.2,56952.55,56961.05,0
2025-06-09 11:10:00+05:30,56961.2,56982.8,56946.8,56949.85,0
2025-06-09 11:15:00+05:30,56946.75,56956,56918.3,56920.5,0
2025-06-09 11:20:00+05:30,56919.95,56935.95,56904.4,56918.05,0
2025-06-09 11:25:00+05:30,56917.75,56928.55,56871.25,56872.35,0
2025-06-09 11:30:00+05:30,56871.9,56906.25,56856.65,56905.05,0
2025-06-09 11:35:00+05:30,56903.6,56939.55,56900.6,56933.5,0
2025-06-09 11:40:00+05:30,56935.05,56937.4,56891.4,56925.4,0
2025-06-09 11:45:00+05:30,56926.55,56929.55,56901.5,56910.3,0
2025-06-09 11:50:00+05:30,56907.1,56921.45,56885.7,56902.5,0
2025-06-09 11:55:00+05:30,56901.7,56922.6,56893.35,56919.9,0
2025-06-09 12:00:00+05:30,56919.65,56956.05,56904.35,56940.7,0
2025-06-09 12:05:00+05:30,56939.8,56948.95,56919.7,56934.7,0
2025-06-09 12:10:00+05:30,56934.7,56942.35,56928.9,56933.55,0
2025-06-09 12:15:00+05:30,56934.65,56940.9,56920.85,56930.1,0
2025-06-09 12:20:00+05:30,56929.8,56955.9,56904.35,56936.95,0
2025-06-09 12:25:00+05:30,56941.15,56965.45,56930.45,56959.35,0
2025-06-09 12:30:00+05:30,56959.5,56980.35,56951.75,56977.9,0
2025-06-09 12:35:00+05:30,56979.15,56981.95,56933.15,56946.7,0
2025-06-09 12:40:00+05:30,56947.35,56949.65,56912.65,56923.85,0
2025-06-09 12:45:00+05:30,56922.9,56926.1,56879,56889.3,0
2025-06-09 12:50:00+05:30,56883.25,56922.2,56878.95,56903.45,0
2025-06-09 12:55:00+05:30,56902.7,56910.85,56896.15,56899.7,0
2025-06-09 13:00:00+05:30,56897.6,56909.6,56889.25,56897.3,0
2025-06-09 13:05:00+05:30,56897.55,56918.45,56891.35,56918.45,0
2025-06-09 13:10:00+05:30,56916.6,56939.4,56911.35,56935.05,0
2025-06-09 13:15:00+05:30,56937.55,56955.3,56930.85,56932.45,0
2025-06-09 13:20:00+05:30,56932.6,56942.75,56899.95,56904.6,0
2025-06-09 13:25:00+05:30,56907.05,56924.35,56906.35,56916.95,0
2025-06-09 13:30:00+05:30,56915.1,56924.8,56892.85,56905.55,0
2025-06-09 13:35:00+05:30,56910.55,56923.15,56895.85,56919.7,0
2025-06-09 13:40:00+05:30,56918.35,56933.8,56907.5,56930,0
2025-06-09 13:45:00+05:30,56931.35,56949.1,56926.8,56944.15,0
2025-06-09 13:50:00+05:30,56943.95,56947.4,56910.5,56922.4,0
2025-06-09 13:55:00+05:30,56920.8,56937.8,56916.05,56922,0
2025-06-09 14:00:00+05:30,56924.45,56929.7,56900,56903.45,0
2025-06-09 14:05:00+05:30,56903.2,56912.55,56890,56892.75,0
2025-06-09 14:10:00+05:30,56891.85,56892.35,56845.1,56850,0
2025-06-09 14:15:00+05:30,56847.2,56867.8,56833.6,56864.35,0
2025-06-09 14:20:00+05:30,56862.75,56879.5,56848.8,56855.15,0
2025-06-09 14:25:00+05:30,56851.1,56877.8,56836.9,56867.5,0
2025-06-09 14:30:00+05:30,56866.5,56893.15,56865.95,56882.65,0
2025-06-09 14:35:00+05:30,56879.3,56892.85,56856.05,56865,0
2025-06-09 14:40:00+05:30,56861.8,56873.05,56856.45,56867.35,0
2025-06-09 14:45:00+05:30,56865.45,56878.65,56855.95,56865.2,0
2025-06-09 14:50:00+05:30,56867.75,56871.8,56845.8,56862.5,0
2025-06-09 14:55:00+05:30,56862.6,56874.95,56845.05,56853.6,0
2025-06-09 15:00:00+05:30,56855.2,56866.05,56827.05,56848.75,0
2025-06-09 15:05:00+05:30,56848.75,56852.8,56835.2,56845,0
2025-06-09 15:10:00+05:30,56845,56854.15,56835.75,56851.3,0
2025-06-09 15:15:00+05:30,56851.3,56851.3,56820.6,56822.7,0
2025-06-09 15:20:00+05:30,56822.7,56853.3,56811.4,56842.05,0
2025-06-09 15:25:00+05:30,56843.35,56857.45,56829.25,56846.2,0
2025-06-10 09:15:00+05:30,56993.9,57015.4,56759.4,56767.65,0
2025-06-10 09:20:00+05:30,56776.3,56779.6,56715.25,56763.8,0
2025-06-10 09:25:00+05:30,56765.85,56772.2,56618.4,56635.05,0
2025-06-10 09:30:00+05:30,56629.4,56727.55,56570.3,56712.75,0
2025-06-10 09:35:00+05:30,56712.2,56733.95,56678.4,56719.25,0
2025-06-10 09:40:00+05:30,56723.5,56726.85,56669.7,56680.55,0
2025-06-10 09:45:00+05:30,56678.5,56713.8,56652.35,56709.3,0
2025-06-10 09:50:00+05:30,56709.75,56749.5,56673.45,56674.25,0
2025-06-10 09:55:00+05:30,56675.85,56689.55,56649.6,56652.4,0
2025-06-10 10:00:00+05:30,56651.8,56743.5,56648.75,56740.6,0
2025-06-10 10:05:00+05:30,56743.7,56769.05,56722.6,56752.05,0
2025-06-10 10:10:00+05:30,56752.55,56793.2,56741.15,56781.7,0
2025-06-10 10:15:00+05:30,56783.65,56799,56766.5,56798.7,0
2025-06-10 10:20:00+05:30,56795.65,56804.7,56758.75,56764.55,0
2025-06-10 10:25:00+05:30,56762.15,56765.25,56726.05,56729.4,0
2025-06-10 10:30:00+05:30,56728.8,56737.35,56701.85,56727.1,0
2025-06-10 10:35:00+05:30,56725.25,56761,56723.85,56756.05,0
2025-06-10 10:40:00+05:30,56756,56774.5,56746.5,56753.15,0
2025-06-10 10:45:00+05:30,56753.1,56753.7,56698.15,56715.75,0
2025-06-10 10:50:00+05:30,56716.45,56723.25,56646.4,56650.05,0
2025-06-10 10:55:00+05:30,56652.6,56664.15,56604.35,56626.75,0
2025-06-10 11:00:00+05:30,56628.35,56637.15,56602.8,56637.15,0
2025-06-10 11:05:00+05:30,56636.35,56678.6,56636.2,56672.45,0
2025-06-10 11:10:00+05:30,56669.9,56685.8,56650.3,56666.85,0
2025-06-10 11:15:00+05:30,56670.3,56676.7,56650.15,56653.2,0
2025-06-10 11:20:00+05:30,56654.15,56660.6,56630.6,56657.75,0
2025-06-10 11:25:00+05:30,56656.9,56660.45,56607.9,56611,0
2025-06-10 11:30:00+05:30,56614,56627.1,56585.45,56589.1,0
2025-06-10 11:35:00+05:30,56587.2,56618.35,56584.7,56602.75,0
2025-06-10 11:40:00+05:30,56601.75,56623.5,56596.85,56623.5,0
2025-06-10 11:45:00+05:30,56623.85,56636.5,56596.4,56603.4,0
2025-06-10 11:50:00+05:30,56603.8,56609.25,56586.55,56606.1,0
2025-06-10 11:55:00+05:30,56606.1,56609.85,56584.9,56588.3,0
2025-06-10 12:00:00+05:30,56589.3,56605.15,56573.4,56597.2,0
2025-06-10 12:05:00+05:30,56594.85,56630,56590.6,56621,0
2025-06-10 12:10:00+05:30,56620.65,56628,56596.25,56610.1,0
2025-06-10 12:15:00+05:30,56608.05,56624.55,56586.3,56612.65,0
2025-06-10 12:20:00+05:30,56612.45,56614.5,56599.5,56611.3,0
2025-06-10 12:25:00+05:30,56613.65,56615.75,56591.4,56610.7,0
2025-06-10 12:30:00+05:30,56610.45,56618.55,56599.25,56607.9,0
2025-06-10 12:35:00+05:30,56607.3,56634.75,56601.7,56630.2,0
2025-06-10 12:40:00+05:30,56627,56677,56611.85,56652.35,0
2025-06-10 12:45:00+05:30,56655.9,56675.55,56646.95,56669.7,0
2025-06-10 12:50:00+05:30,56670.5,56702.65,56659.25,56698.9,0
2025-06-10 12:55:00+05:30,56697.95,56718.2,56693.2,56702.55,0
2025-06-10 13:00:00+05:30,56703.2,56730.3,56697.2,56724.3,0
2025-06-10 13:05:00+05:30,56725.2,56732.55,56699.25,56701.4,0
2025-06-10 13:10:00+05:30,56702.05,56714.3,56682.2,56688.35,0
2025-06-10 13:15:00+05:30,56676.9,56693.35,56663.65,56668.8,0
2025-06-10 13:20:00+05:30,56673.35,56679.75,56650.2,56668.35,0
2025-06-10 13:25:00+05:30,56669.15,56698.1,56662.15,56681.2,0
2025-06-10 13:30:00+05:30,56681.15,56709.9,56678.6,56694.65,0
2025-06-10 13:35:00+05:30,56694.15,56703.55,56682.05,56693.65,0
2025-06-10 13:40:00+05:30,56692.1,56701.85,56663.8,56668.2,0
2025-06-10 13:45:00+05:30,56666.95,56681.05,56660.6,56681.05,0
2025-06-10 13:50:00+05:30,56678.75,56684.7,56663.6,56673.4,0
2025-06-10 13:55:00+05:30,56677.3,56678.55,56640.45,56658.1,0
2025-06-10 14:00:00+05:30,56656.5,56663.6,56641.25,56649.95,0
2025-06-10 14:05:00+05:30,56648.35,56688.7,56639.15,56682.55,0
2025-06-10 14:10:00+05:30,56677.95,56682.55,56649.85,56652.05,0
2025-06-10 14:15:00+05:30,56652.3,56657.1,56636.25,56648.65,0
2025-06-10 14:20:00+05:30,56643.9,56646.8,56625.95,56634.9,0
2025-06-10 14:25:00+05:30,56633.8,56653.25,56621.65,56639.25,0
2025-06-10 14:30:00+05:30,56639.5,56643.1,56619.7,56637,0
2025-06-10 14:35:00+05:30,56635.8,56665.75,56631.8,56653.85,0
2025-06-10 14:40:00+05:30,56654.6,56668.1,56620.15,56640,0
2025-06-10 14:45:00+05:30,56642.1,56645.15,56613.5,56642.55,0
2025-06-10 14:50:00+05:30,56643.45,56659.45,56607.85,56622.15,0
2025-06-10 14:55:00+05:30,56621.45,56638.85,56595.3,56616.9,0
2025-06-10 15:00:00+05:30,56617.85,56630.85,56602.95,56614.5,0
2025-06-10 15:05:00+05:30,56614.5,56678.2,56591.85,56674.6,0
2025-06-10 15:10:00+05:30,56674.6,56679.8,56641.7,56647.35,0
2025-06-10 15:15:00+05:30,56647.35,56653.8,56635.8,56646.4,0
2025-06-10 15:20:00+05:30,56646.4,56646.4,56611.4,56624.15,0
2025-06-10 15:25:00+05:30,56624.15,56628.3,56564.15,56579.55,0
2025-06-11 09:15:00+05:30,56639.85,56669.3,56489.9,56646.6,0
2025-06-11 09:20:00+05:30,56646.85,56660.85,56536.8,56552,0
2025-06-11 09:25:00+05:30,56552.8,56552.8,56499.9,56500.2,0
2025-06-11 09:30:00+05:30,56500.2,56536.8,56489.3,56512.2,0
2025-06-11 09:35:00+05:30,56514.1,56552.7,56504.75,56525.8,0
2025-06-11 09:40:00+05:30,56524.65,56528.95,56488.65,56504.1,0
2025-06-11 09:45:00+05:30,56504.3,56517.65,56443.85,56512.8,0
2025-06-11 09:50:00+05:30,56512.2,56572.05,56510.65,56569.05,0
2025-06-11 09:55:00+05:30,56568.55,56581.9,56554.3,56575.25,0
2025-06-11 10:00:00+05:30,56573.85,56600.1,56557.75,56581.8,0
2025-06-11 10:05:00+05:30,56581.85,56609.1,56560.75,56606.5,0
2025-06-11 10:10:00+05:30,56604.85,56634.25,56593.7,56621.35,0
2025-06-11 10:15:00+05:30,56619.65,56641.8,56610.4,56618.25,0
2025-06-11 10:20:00+05:30,56614.95,56622.55,56573.45,56583.75,0
2025-06-11 10:25:00+05:30,56583.75,56591.9,56568.25,56577.35,0
2025-06-11 10:30:00+05:30,56577.05,56617.5,56570.5,56614.4,0
2025-06-11 10:35:00+05:30,56609.95,56626.45,56601,56624.15,0
2025-06-11 10:40:00+05:30,56624.35,56694.2,56621.45,56694.2,0
2025-06-11 10:45:00+05:30,56690.1,56719.35,56676.65,56692.2,0
2025-06-11 10:50:00+05:30,56687.7,56695.55,56659.85,56667.95,0
2025-06-11 10:55:00+05:30,56662.4,56690.35,56661.45,56683.45,0
2025-06-11 11:00:00+05:30,56683,56711.2,56683,56693.7,0
2025-06-11 11:05:00+05:30,56689.15,56720.45,56686.15,56705,0
2025-06-11 11:10:00+05:30,56703.2,56723.15,56689.2,56713.7,0
2025-06-11 11:15:00+05:30,56711.4,56749.9,56704.65,56727.5,0
2025-06-11 11:20:00+05:30,56726.45,56730.5,56685.85,56691.6,0
2025-06-11 11:25:00+05:30,56690.6,56707,56674.2,56682.05,0
2025-06-11 11:30:00+05:30,56682.75,56704.8,56678.9,56701.45,0
2025-06-11 11:35:00+05:30,56701.25,56735.45,56690.15,56732.4,0
2025-06-11 11:40:00+05:30,56731.9,56731.9,56700.15,56703.35,0
2025-06-11 11:45:00+05:30,56702.85,56728.25,56698.6,56726.55,0
2025-06-11 11:50:00+05:30,56725.25,56780.45,56715.75,56775.95,0
2025-06-11 11:55:00+05:30,56774,56778.5,56738.85,56755,0
2025-06-11 12:00:00+05:30,56753.85,56754.9,56730.15,56737.8,0
2025-06-11 12:05:00+05:30,56736.25,56748.5,56723,56747.95,0
2025-06-11 12:10:00+05:30,56746.7,56751.25,56732.5,56743.25,0
2025-06-11 12:15:00+05:30,56743.25,56767.65,56738.45,56765.05,0
2025-06-11 12:20:00+05:30,56765.05,56782.5,56745.95,56765.35,0
2025-06-11 12:25:00+05:30,56766.5,56766.75,56730.4,56736.85,0
2025-06-11 12:30:00+05:30,56735.1,56757,56717.2,56721.8,0
2025-06-11 12:35:00+05:30,56722.7,56729.4,56701.4,56704.95,0
2025-06-11 12:40:00+05:30,56704.15,56705.9,56682.5,56704.25,0
2025-06-11 12:45:00+05:30,56702.15,56724.6,56696.9,56721.25,0
2025-06-11 12:50:00+05:30,56719.8,56727.2,56698.75,56714.6,0
2025-06-11 12:55:00+05:30,56714.15,56723.45,56706,56716.2,0
2025-06-11 13:00:00+05:30,56713,56723.55,56701,56701,0
2025-06-11 13:05:00+05:30,56700.85,56708.35,56689.8,56695.5,0
2025-06-11 13:10:00+05:30,56692.9,56695.75,56664.3,56666.8,0
2025-06-11 13:15:00+05:30,56667.75,56672.5,56640.4,56661.1,0
2025-06-11 13:20:00+05:30,56658.55,56671.65,56626.65,56637.4,0
2025-06-11 13:25:00+05:30,56628.6,56638.25,56567.6,56569.7,0
2025-06-11 13:30:00+05:30,56571.05,56571.05,56515.25,56538.1,0
2025-06-11 13:35:00+05:30,56537.55,56558.25,56527.45,56549.1,0
2025-06-11 13:40:00+05:30,56544.8,56552.05,56506.2,56516.7,0
2025-06-11 13:45:00+05:30,56516.25,56516.25,56458.35,56465.2,0
2025-06-11 13:50:00+05:30,56465.3,56469.7,56422,56437.15,0
2025-06-11 13:55:00+05:30,56437.3,56504.3,56433,56497,0
2025-06-11 14:00:00+05:30,56492.5,56495.1,56443.35,56447.55,0
2025-06-11 14:05:00+05:30,56447.15,56453.25,56404.9,56411.85,0
2025-06-11 14:10:00+05:30,56409.8,56431.65,56399.4,56425.75,0
2025-06-11 14:15:00+05:30,56425.85,56455.05,56417.05,56452,0
2025-06-11 14:20:00+05:30,56448.85,56471.3,56443.75,56464.75,0
2025-06-11 14:25:00+05:30,56464.3,56468.3,56432.05,56439.5,0
2025-06-11 14:30:00+05:30,56441.85,56471.6,56438.6,56456,0
2025-06-11 14:35:00+05:30,56455.2,56459.1,56433.45,56442.9,0
2025-06-11 14:40:00+05:30,56442.25,56444.25,56411.15,56418.25,0
2025-06-11 14:45:00+05:30,56417.6,56454.45,56416.25,56434.65,0
2025-06-11 14:50:00+05:30,56438.3,56507.3,56433.5,56486.45,0
2025-06-11 14:55:00+05:30,56487.35,56500.75,56470.95,56474.15,0
2025-06-11 15:00:00+05:30,56470.35,56492.95,56457.65,56473.15,0
2025-06-11 15:05:00+05:30,56473.15,56480,56446.8,56474.95,0
2025-06-11 15:10:00+05:30,56471.2,56487.7,56453.95,56454.75,0
2025-06-11 15:15:00+05:30,56454.65,56473.25,56441.35,56452.3,0
2025-06-11 15:20:00+05:30,56454.3,56467.2,56428.3,56430.15,0
2025-06-11 15:25:00+05:30,56434,56461.8,56416.35,56438.05,0
2025-06-12 09:15:00+05:30,56480.9,56534.1,56392.35,56498.25,0
2025-06-12 09:20:00+05:30,56500.4,56565.1,56497.6,56553.5,0
2025-06-12 09:25:00+05:30,56551.65,56575.25,56508.05,56530.6,0
2025-06-12 09:30:00+05:30,56534.05,56611.05,56532,56597.85,0
2025-06-12 09:35:00+05:30,56596.65,56596.65,56498.2,56504.15,0
2025-06-12 09:40:00+05:30,56503.6,56504.45,56422.2,56424.55,0
2025-06-12 09:45:00+05:30,56425.1,56461.25,56394.25,56446.8,0
2025-06-12 09:50:00+05:30,56442.7,56501.9,56438.35,56494.25,0
2025-06-12 09:55:00+05:30,56493.8,56501.1,56433.85,56437.7,0
2025-06-12 10:00:00+05:30,56437.85,56451.5,56382,56400.85,0
2025-06-12 10:05:00+05:30,56400.25,56450.35,56391.05,56442.55,0
2025-06-12 10:10:00+05:30,56440.55,56452.15,56394.45,56395.8,0
2025-06-12 10:15:00+05:30,56397.75,56404.35,56348.85,56366.2,0
2025-06-12 10:20:00+05:30,56368.5,56396.9,56333.1,56396.9,0
2025-06-12 10:25:00+05:30,56396.9,56425.55,56390.55,56416.45,0
2025-06-12 10:30:00+05:30,56412.55,56439.05,56371.55,56374.9,0
2025-06-12 10:35:00+05:30,56373,56404.25,56366.15,56390.6,0
2025-06-12 10:40:00+05:30,56391.05,56393.55,56281.7,56287.9,0
2025-06-12 10:45:00+05:30,56288.2,56338.25,56277.8,56314.85,0
2025-06-12 10:50:00+05:30,56316.65,56325.4,56281.15,56294.95,0
2025-06-12 10:55:00+05:30,56293.2,56308.15,56262.1,56292.8,0
2025-06-12 11:00:00+05:30,56293.1,56313.25,56286,56309.55,0
2025-06-12 11:05:00+05:30,56311.6,56317.7,56276.35,56284.3,0
2025-06-12 11:10:00+05:30,56284,56288.4,56242.1,56268.1,0
2025-06-12 11:15:00+05:30,56267.75,56324.2,56260.65,56322.3,0
2025-06-12 11:20:00+05:30,56324.35,56333.15,56298.2,56320.15,0
2025-06-12 11:25:00+05:30,56321.7,56354.05,56303.65,56311.35,0
2025-06-12 11:30:00+05:30,56312.95,56316,56269.9,56274.2,0
2025-06-12 11:35:00+05:30,56274.2,56281.8,56238.05,56252.4,0
2025-06-12 11:40:00+05:30,56253.7,56276.15,56228,56258.7,0
2025-06-12 11:45:00+05:30,56259.4,56272,56239.65,56259.05,0
2025-06-12 11:50:00+05:30,56260.85,56269.1,56237.45,56242.65,0
2025-06-12 11:55:00+05:30,56243.45,56263.05,56232.2,56238.4,0
2025-06-12 12:00:00+05:30,56236.4,56254.3,56197.3,56237.05,0
2025-06-12 12:05:00+05:30,56237.05,56270,56230.35,56258.85,0
2025-06-12 12:10:00+05:30,56262.15,56269.15,56246.05,56257.95,0
2025-06-12 12:15:00+05:30,56259.8,56284.75,56250.25,56277.95,0
2025-06-12 12:20:00+05:30,56278.9,56304.45,56273,56304.45,0
2025-06-12 12:25:00+05:30,56304.2,56304.2,56269,56271.65,0
2025-06-12 12:30:00+05:30,56275.55,56328.35,56268.45,56320.4,0
2025-06-12 12:35:00+05:30,56325.3,56333.55,56275.05,56280.55,0
2025-06-12 12:40:00+05:30,56284.1,56304.1,56279.7,56292.15,0
2025-06-12 12:45:00+05:30,56292.8,56305.85,56263.95,56299.85,0
2025-06-12 12:50:00+05:30,56302.1,56312.55,56281.1,56283.75,0
2025-06-12 12:55:00+05:30,56284.8,56288.4,56230.75,56247.45,0
2025-06-12 13:00:00+05:30,56248.5,56250.35,56209.8,56233,0
2025-06-12 13:05:00+05:30,56231.4,56253.35,56223.05,56239,0
2025-06-12 13:10:00+05:30,56240.5,56253.35,56228.5,56245,0
2025-06-12 13:15:00+05:30,56245,56263.05,56233.7,56254.8,0
2025-06-12 13:20:00+05:30,56254.9,56261.1,56218.45,56228.5,0
2025-06-12 13:25:00+05:30,56227.05,56243.7,56150.6,56169.5,0
2025-06-12 13:30:00+05:30,56166.65,56196.4,56102.6,56127.55,0
2025-06-12 13:35:00+05:30,56127.55,56141.45,56096.85,56109,0
2025-06-12 13:40:00+05:30,56108.1,56120,56073.3,56086.6,0
2025-06-12 13:45:00+05:30,56084.95,56113.75,56046.8,56046.8,0
2025-06-12 13:50:00+05:30,56048.7,56097.25,56037.4,56089.55,0
2025-06-12 13:55:00+05:30,56086.2,56116,56066.45,56070.4,0
2025-06-12 14:00:00+05:30,56069.6,56078.95,56003.1,56011.25,0
2025-06-12 14:05:00+05:30,56010.4,56018.15,55968.7,55969.8,0
2025-06-12 14:10:00+05:30,55971.45,56040.6,55968.5,56012.75,0
2025-06-12 14:15:00+05:30,56015,56096.2,56004.25,56076.65,0
2025-06-12 14:20:00+05:30,56079.5,56127.05,56056.15,56056.75,0
2025-06-12 14:25:00+05:30,56056.35,56096.15,56046.65,56090.2,0
2025-06-12 14:30:00+05:30,56089.15,56205.7,56088.15,56190.7,0
2025-06-12 14:35:00+05:30,56185.8,56203.45,56128.1,56131.45,0
2025-06-12 14:40:00+05:30,56132.9,56175.7,56132.9,56133.1,0
2025-06-12 14:45:00+05:30,56132.3,56181.35,56122.1,56153.9,0
2025-06-12 14:50:00+05:30,56153.65,56184.05,56133.05,56136,0
2025-06-12 14:55:00+05:30,56136.4,56176.3,56125.45,56146.1,0
2025-06-12 15:00:00+05:30,56148.2,56176.25,56126.35,56153.7,0
2025-06-12 15:05:00+05:30,56153.7,56162.85,56099.45,56122,0
2025-06-12 15:10:00+05:30,56122,56122.75,56063.4,56076.9,0
2025-06-12 15:15:00+05:30,56076.1,56081.2,56039.75,56054.3,0
2025-06-12 15:20:00+05:30,56054.55,56055.5,56011.65,56032.4,0
2025-06-12 15:25:00+05:30,56031.1,56031.55,55980.45,55997.8,0